time,sea_ice_melt_mean,sea_ice_melt_std_dev,sea_ice_melt_trend,meteoric_mean,meteoric_std_dev,meteoric_trend,net_liquid_freshwater_mean,net_liquid_freshwater_std_dev,net_liquid_freshwater_trend
1992-07-16 12:00:00,2501.3847321199623,814.801561411792,1844.8949109346793,4956.268589804567,921.4608623199374,3384.7085622294903,7457.653321924528,1736.2624237317295,5229.603473164169
1992-08-16 12:00:00,2464.276492633248,793.5863984412551,1840.0187714457545,4890.414249993009,879.4091945920098,3380.80809909351,7354.690742626257,1672.9955930332649,5220.826870539264
1992-09-16 00:00:00,2386.5413285319632,729.7191985556336,1835.1426319568295,4770.069087011611,789.1838644282823,3376.9076359575297,7156.610415543575,1518.9030629839158,5212.050267914359
1992-10-16 12:00:00,2308.750778553794,627.4198088744465,1830.2664924679048,4661.190141938991,675.4017969007123,3373.0071728215494,6969.940920492785,1302.8216057751588,5203.273665289454
1992-11-16 00:00:00,2235.9962559138235,542.2299998981397,1825.3903529789798,4554.675503289269,605.8068338279024,3369.106709685569,6790.671759203093,1148.036833726042,5194.497062664549
1992-12-16 12:00:00,2169.3081032855393,511.2239427679086,1820.514213490055,4436.170412873805,603.1937693195421,3365.2062465495887,6605.4785161593445,1114.4177120874506,5185.7204600396435
1993-01-16 12:00:00,2117.3915180125086,530.5854420632089,1815.63807400113,4333.680834732187,674.8353999246598,3361.3057834136084,6451.072352744695,1205.4208419878687,5176.943857414738
1993-02-15 00:00:00,2089.987277912368,566.0197828104556,1810.7619345122052,4256.683070196253,765.1171576797991,3357.405320277628,6346.670348108621,1331.1369404902548,5168.167254789833
1993-03-16 12:00:00,2076.417321277231,583.6102218637528,1805.8857950232805,4161.68816652535,846.8787361646197,3353.504857141648,6238.105487802582,1430.4889580283725,5159.390652164928
1993-04-16 00:00:00,2048.6009869591203,614.8175131043033,1801.0096555343555,4038.1281230622085,979.0174816933248,3349.6043940056675,6086.729110021329,1593.834994797628,5150.614049540023
1993-05-16 12:00:00,2027.8381231097148,638.3904654466863,1796.1335160454307,3889.5292760859124,1179.6848879708352,3345.7039308696876,5917.3673991956275,1818.0753534175215,5141.837446915118
1993-06-16 00:00:00,2015.6863175301007,630.2551285923727,1791.2573765565057,3799.1057281908593,1101.9680363045754,3341.8034677337073,5814.79204572096,1732.2231648969482,5133.060844290213
1993-07-16 12:00:00,1946.5467977681385,605.3426004891417,1786.381237067581,3654.7559743863135,1018.9860909122773,3337.903004597727,5601.302772154452,1624.3286914014188,5124.2842416653075
1993-08-16 12:00:00,1870.5834748193884,558.9402753693281,1781.505097578656,3507.117115098857,922.1772768061667,3334.0025414617467,5377.700589918246,1481.117552175495,5115.507639040402
1993-09-16 00:00:00,1860.6342774303212,547.0757560340595,1776.6289580897312,3477.0414887161037,886.8950228879328,3330.1020783257663,5337.675766146425,1433.9707789219924,5106.731036415497
1993-10-16 12:00:00,1864.3704008307484,553.4119800492487,1771.7528186008062,3456.9915445481056,858.3976339131964,3326.201615189786,5321.361945378854,1411.809613962445,5097.954433790592
1993-11-16 00:00:00,1840.6297396182933,530.381508109849,1766.8766791118815,3402.6826277006894,817.4539620386842,3322.3011520538057,5243.312367318983,1347.8354701485332,5089.177831165687
1993-12-16 12:00:00,1818.9873151141217,526.7883718493277,1762.0005396229567,3353.553631178744,809.916950338206,3318.4006889178254,5172.540946292866,1336.7053221875337,5080.401228540782
1994-01-16 12:00:00,1822.7854178662813,525.6298267785742,1757.1244001340317,3345.549923919822,810.6505235122148,3314.500225781845,5168.3353417861035,1336.280350290789,5071.624625915876
1994-02-15 00:00:00,1839.3398725448703,509.59255268786944,1752.248260645107,3364.1211628652127,804.8012997332395,3310.5997626458648,5203.461035410083,1314.393852421109,5062.8480232909715
1994-03-16 12:00:00,1831.2297206799797,519.4798317001522,1747.372121156182,3351.5027942597967,812.4169266030257,3306.6992995098844,5182.732514939777,1331.8967583031779,5054.071420666066
1994-04-16 00:00:00,1815.07932583431,540.7064631692929,1742.4959816672572,3385.03208126354,779.3513351310379,3302.798836373904,5200.11140709785,1320.057798300331,5045.294818041161
1994-05-16 12:00:00,1813.0822179875424,543.0057039251669,1737.6198421783322,3483.20467576677,604.8185406958155,3298.898373237924,5296.286893754313,1147.8242446209824,5036.518215416256
1994-06-16 00:00:00,1750.5373260959425,517.4758717611004,1732.7437026894074,3411.0647935084967,554.7608168727947,3294.9979101019435,5161.602119604439,1072.236688633895,5027.74161279135
1994-07-16 12:00:00,1787.6231944239535,534.5602546934283,1727.8675632004824,3478.299624822015,604.5435905613875,3291.097446965963,5265.922819245969,1139.103845254816,5018.965010166446
1994-08-16 12:00:00,1837.4965677402886,561.4149121518866,1722.9914237115577,3551.993185444971,635.2784537014753,3287.196983829983,5389.489753185259,1196.693365853362,5010.18840754154
1994-09-16 00:00:00,1855.601592475483,584.404102626269,1718.115284222633,3558.27175463482,643.6759538351788,3283.2965206940025,5413.873347110302,1228.0800564614478,5001.411804916635
1994-10-16 12:00:00,1862.499318182905,596.0952781488561,1713.239144733708,3567.021709855709,658.1519814260595,3279.396057558022,5429.5210280386145,1254.2472595749155,4992.63520229173
1994-11-16 00:00:00,1839.870734083296,586.5750092795165,1708.3630052447832,3535.579945649149,658.3551182461963,3275.495594422042,5375.450679732445,1244.9301275257128,4983.858599666825
1994-12-16 12:00:00,1811.6807420070163,596.4498560262374,1703.4868657558582,3492.78643386013,693.9721233528089,3271.595131286062,5304.467175867147,1290.4219793790462,4975.08199704192
1995-01-16 12:00:00,1785.1277550516306,608.5500031317274,1698.6107262669334,3439.5226590411753,735.5882860367869,3267.6946681500817,5224.650414092806,1344.1382891685143,4966.305394417014
1995-02-15 00:00:00,1757.1439936108948,631.5707014051337,1693.7345867780086,3355.3356645071885,810.7924930392913,3263.7942050141014,5112.4796581180835,1442.363194444425,4957.52879179211
1995-03-16 12:00:00,1742.3032839143063,647.3391059604318,1688.8584472890836,3307.3222931048,858.2763807918313,3259.893741878121,5049.6255770191065,1505.6154867522632,4948.752189167204
1995-04-16 00:00:00,1728.909644814469,663.4109221161124,1683.9823078001587,3226.3381250071284,945.2254449057314,3255.993278742141,4955.247769821597,1608.6363670218439,4939.975586542299
1995-05-16 12:00:00,1723.208060779332,668.3941265021706,1679.106168311234,3188.222343693628,970.8165888533682,3252.0928156061605,4911.43040447296,1639.210715355539,4931.198983917394
1995-06-16 00:00:00,1657.9843704722816,711.7732133734506,1674.2300288223091,3002.114864637944,1112.8662726685611,3248.19235247018,4660.099235110225,1824.6394860420119,4922.422381292488
1995-07-16 12:00:00,1628.1090024122004,694.2813832478814,1669.3538893333841,2957.8231119104244,1071.0236956012702,3244.2918893342,4585.932114322624,1765.3050788491516,4913.645778667584
1995-08-16 12:00:00,1586.579910245682,660.5419521835242,1664.4777498444594,2904.2510693501995,1021.7001725999195,3240.3914261982195,4490.830979595881,1682.2421247834436,4904.869176042678
1995-09-16 00:00:00,1504.9974238842985,575.0560874479196,1659.6016103555344,2780.9582365166484,911.2593449442185,3236.490963062239,4285.955660400947,1486.315432392138,4896.092573417774
1995-10-16 12:00:00,1436.6543607862086,437.34611638528463,1654.7254708666096,2699.6118616845692,769.5883761543753,3232.590499926259,4136.266222470778,1206.93449253966,4887.315970792868
1995-11-16 00:00:00,1417.844474884406,418.70924966499405,1649.8493313776848,2676.093033733361,753.2350411357963,3228.6900367902786,4093.937508617767,1171.9442908007904,4878.539368167963
1995-12-16 12:00:00,1432.166387461067,422.46714710804997,1644.9731918887599,2699.922282019926,757.9536057709131,3224.7895736542982,4132.088669480993,1180.420752878963,4869.762765543058
1996-01-16 12:00:00,1448.2370220646656,423.25575265843344,1640.097052399835,2745.2816613000127,766.1470788173749,3220.889110518318,4193.5186833646785,1189.4028314758084,4860.986162918152
1996-02-15 12:00:00,1469.1065919896039,411.2360345026222,1635.22091291091,2819.8246798049004,753.0283833434441,3216.9886473823376,4288.931271794504,1164.2644178460664,4852.209560293248
1996-03-16 12:00:00,1471.7379453386086,408.19579246758997,1630.3447734219853,2856.9840875719024,733.1491998307001,3213.0881842463573,4328.722032910511,1141.34499229829,4843.432957668342
1996-04-16 00:00:00,1463.819865077007,420.54885750579604,1625.4686339330603,2913.8224499995868,674.0473908380382,3209.187721110377,4377.642315076594,1094.5962483438343,4834.6563550434375
1996-05-16 12:00:00,1480.725620562934,409.9230115825561,1620.5924944441356,2980.5716692656747,652.7838536179099,3205.287257974397,4461.297289828609,1062.706865200466,4825.879752418532
1996-06-16 00:00:00,1534.612992442171,361.8793231918657,1615.7163549552106,3148.8108314471556,364.3340653108649,3201.386794838417,4683.423823889327,726.2133885027306,4817.1031497936265
1996-07-16 12:00:00,1484.131857361894,352.95972474186016,1610.8402154662858,3060.326287309636,336.479399325736,3197.4863317024365,4544.45814467153,689.4391240675961,4808.326547168722
1996-08-16 12:00:00,1455.5726917244422,330.6239353613705,1605.964075977361,3011.9973710725135,298.92876577498254,3193.585868566456,4467.570062796955,629.5527011363531,4799.549944543816
1996-09-16 00:00:00,1457.6344221869747,332.2377001578611,1601.087936488436,3040.550757658793,309.59222037806455,3189.685405430476,4498.185179845767,641.8299205359257,4790.773341918912
1996-10-16 12:00:00,1441.8721109919286,305.7307041579698,1596.2117969995113,3020.254412662909,270.121625277533,3185.7849422944955,4462.126523654838,575.8523294355027,4781.996739294006
1996-11-16 00:00:00,1449.916198654383,314.5710325380914,1591.3356575105863,3038.8473293840602,280.798287529028,3181.884479158515,4488.763528038443,595.3693200671194,4773.220136669101
1996-12-16 12:00:00,1436.6684394584336,310.3944591039791,1586.4595180216616,3031.0745742672443,283.5801372323442,3177.984016022535,4467.743013725678,593.9745963363233,4764.443534044196
1997-01-16 12:00:00,1403.7333782086605,316.7421822680745,1581.5833785327368,2972.4719332290656,326.06365381929476,3174.0835528865546,4376.205311437726,642.8058360873692,4755.66693141929
1997-02-15 00:00:00,1374.5773735523842,336.42852262366455,1576.7072390438118,2925.5908716833073,344.81731025749605,3170.1830897505743,4300.168245235692,681.2458328811606,4746.890328794386
1997-03-16 12:00:00,1369.5015953155598,342.2570170913,1571.8310995548868,2910.7088466116597,359.34141580083894,3166.282626614594,4280.21044192722,701.5984328921389,4738.11372616948
1997-04-16 00:00:00,1377.9996616498836,328.34388836326815,1566.954960065962,2906.687324045522,364.2103737815543,3162.3821634786136,4284.686985695405,692.5542621448225,4729.337123544576
1997-05-16 12:00:00,1354.5531453429887,341.93292953664303,1562.0788205770373,2849.8449612211075,376.9363532395786,3158.4817003426333,4204.398106564096,718.8692827762216,4720.56052091967
1997-06-16 00:00:00,1358.014560442102,343.462397697671,1557.2026810881123,2841.655043063485,370.1992347193411,3154.581237206653,4199.6696035055875,713.6616324170121,4711.783918294765
1997-07-16 12:00:00,1388.212903423542,350.2287076727198,1552.3265415991875,2899.3226617278538,394.260990618886,3150.6807740706727,4287.5355651513955,744.4896982916058,4703.00731566986
1997-08-16 12:00:00,1406.2236896544564,364.17811464562413,1547.4504021102625,2943.259251271629,430.01334784140505,3146.7803109346924,4349.482940926086,794.1914624870292,4694.230713044954
1997-09-16 00:00:00,1415.5769218026546,373.65044247460713,1542.5742626213378,2957.86110525126,444.9749729502725,3142.879847798712,4373.438027053915,818.6254154248796,4685.454110420049
1997-10-16 12:00:00,1407.5225003622097,364.22520031976717,1537.698123132413,2935.162995544891,424.636056795826,3138.9793846627317,4342.685495907101,788.8612571155932,4676.677507795144
1997-11-16 00:00:00,1389.3200653703614,347.479489260174,1532.821983643488,2908.794861116534,410.8057070400956,3135.0789215267514,4298.1149264868955,758.2851963002696,4667.900905170239
1997-12-16 12:00:00,1381.7417950765075,346.79573910290964,1527.945844154563,2898.464458754608,412.76955768568575,3131.178458390771,4280.206253831116,759.5652967885953,4659.124302545334
1998-01-16 12:00:00,1380.0497434468527,347.910738737993,1523.0697046656383,2906.821393100418,404.1081013469784,3127.2779952547908,4286.871136547271,752.0188400849713,4650.347699920429
1998-02-15 00:00:00,1366.2763994474437,365.7473320896761,1518.1935651767135,2886.040440133876,428.44735901685533,3123.377532118811,4252.31683958132,794.1946911065314,4641.571097295524
1998-03-16 12:00:00,1360.0489910990789,373.3074384794866,1513.3174256877885,2895.3964562324927,420.74974353685855,3119.4770689828306,4255.445447331572,794.0571820163452,4632.794494670618
1998-04-16 00:00:00,1332.7124131127023,417.19905903199196,1508.4412861988637,2839.370152727417,511.71505661634535,3115.5766058468503,4172.082565840119,928.9141156483373,4624.017892045713
1998-05-16 12:00:00,1323.9071047127093,424.5173033914005,1503.5651467099387,2814.3627460139505,536.6499998195786,3111.67614271087,4138.26985072666,961.1673032109791,4615.241289420808
1998-06-16 00:00:00,1327.5858053328816,426.46091056994663,1498.689007221014,2827.757933057883,545.6409849635575,3107.7756795748896,4155.343738390764,972.1018955335041,4606.464686795903
1998-07-16 12:00:00,1335.5081385437018,432.8775167250847,1493.8128677320892,2835.731580063177,554.2256829104435,3103.8752164389093,4171.239718606878,987.1031996355282,4597.688084170998
1998-08-16 12:00:00,1332.871433631841,430.23855085479937,1488.9367282431642,2829.5941361746973,546.9714212426065,3099.974753302929,4162.465569806538,977.2099720974059,4588.911481546093
1998-09-16 00:00:00,1325.0850378598336,421.7402969399217,1484.0605887542392,2795.6565182318805,516.9750723796349,3096.0742901669487,4120.741556091714,938.7153693195565,4580.134878921188
1998-10-16 12:00:00,1319.282877684761,415.6713887853334,1479.1844492653145,2777.155155708216,506.03268897889757,3092.1738270309684,4096.438033392977,921.704077764231,4571.358276296282
1998-11-16 00:00:00,1330.174258733346,424.9276532721298,1474.3083097763897,2795.724641355882,517.2061124262024,3088.273363894988,4125.898900089228,942.1337656983321,4562.581673671377
1998-12-16 12:00:00,1329.9425697041445,424.9058793516758,1469.4321702874647,2797.8047713241303,517.1219717129895,3084.3729007590077,4127.747341028275,942.0278510646654,4553.805071046472
1999-01-16 12:00:00,1344.2105120769843,421.2089127286465,1464.55603079854,2814.5734769760024,511.37922350881337,3080.4724376230274,4158.783989052987,932.5881362374598,4545.028468421567
1999-02-15 00:00:00,1368.4609224369806,398.58487908640063,1459.679891309615,2839.2984514663126,491.9408223355955,3076.571974487047,4207.759373903293,890.5257014219961,4536.251865796661
1999-03-16 12:00:00,1370.6114943665305,395.9895879269524,1454.8037518206902,2796.2890932355567,532.1195849151561,3072.671511351067,4166.900587602087,928.1091728421086,4527.4752631717565
1999-04-16 00:00:00,1392.7064525586168,354.704523326644,1449.9276123317654,2836.874466487772,467.2363851190098,3068.7710482150865,4229.580919046389,821.9409084456538,4518.698660546851
1999-05-16 12:00:00,1412.096033306542,334.42565008674165,1445.0514728428404,2877.388230204177,425.49507627171704,3064.870585079106,4289.484263510719,759.9207263584588,4509.922057921946
1999-06-16 00:00:00,1411.856927228618,334.3117989576188,1440.1753333539157,2876.8735831869294,425.02983809801725,3060.9701219431263,4288.7305104155475,759.341637055636,4501.145455297041
1999-07-16 12:00:00,1391.0784446109874,321.579820372828,1435.2991938649907,2835.365026450561,387.5889417921641,3057.069658807146,4226.443471061548,709.1687621649921,4492.368852672136
1999-08-16 12:00:00,1370.140221516671,305.2757085764891,1430.423054376066,2800.856184291371,348.0469713445235,3053.1691956711657,4170.996405808042,653.3226799210127,4483.592250047231
1999-09-16 00:00:00,1372.0019170227063,307.62851677925255,1425.5469148871412,2833.619063785702,388.8218321210552,3049.2687325351853,4205.620980808409,696.4503489003077,4474.815647422325
1999-10-16 12:00:00,1362.9839522771942,298.5922466158067,1420.6707753982162,2833.52535631995,388.78717779158796,3045.368269399205,4196.509308597144,687.3794244073947,4466.0390447974205
1999-11-16 00:00:00,1333.652689250973,275.82109834551346,1415.7946359092912,2787.8648864756015,374.3014111386384,3041.4678062632247,4121.517575726574,650.1225094841518,4457.262442172515
1999-12-16 12:00:00,1338.9127055376655,277.03661686041465,1410.9184964203664,2808.003845259164,380.23872353027355,3037.5673431272444,4146.916550796829,657.2753403906881,4448.48583954761
2000-01-16 12:00:00,1338.0574130320445,277.1309206927188,1406.0423569314416,2814.164867179344,379.5343516034626,3033.666879991264,4152.222280211388,656.6652722961815,4439.709236922705
2000-02-15 12:00:00,1335.6649105484883,279.1247722430095,1401.1662174425167,2820.155664710365,376.3589838243335,3029.7664168552838,4155.820575258853,655.4837560673429,4430.9326342978
2000-03-16 12:00:00,1344.4060826005893,266.8090644055753,1396.290077953592,2855.7549152204974,320.91834251857085,3025.8659537193034,4200.160997821087,587.7274069241462,4422.156031672895
2000-04-16 00:00:00,1365.0456289324095,232.23294956421657,1391.413938464667,2869.845891862602,297.35307999799664,3021.965490583323,4234.891520795011,529.5860295622132,4413.379429047989
2000-05-16 12:00:00,1396.0193193295202,227.33722801370678,1386.5377989757421,2920.4724366342307,305.5691841867075,3018.065027447343,4316.491755963751,532.9064122004143,4404.6028264230845
2000-06-16 00:00:00,1361.95558429005,229.36853665683697,1381.6616594868174,2852.7937301671222,313.05821189007946,3014.1645643113625,4214.749314457173,542.4267485469164,4395.826223798179
2000-07-16 12:00:00,1347.8222875672084,227.01146207883207,1376.7855199978924,2846.0289479507137,311.24733499704257,3010.264101175382,4193.851235517922,538.2587970758747,4387.049621173273
2000-08-16 12:00:00,1335.3181697183136,222.42397360179174,1371.9093805089674,2843.696749912145,309.94331281202034,3006.363638039402,4179.014919630459,532.367286413812,4378.273018548369
2000-09-16 00:00:00,1328.482913056213,209.88183619934233,1367.0332410200426,2837.1305003555026,297.1251730047934,3002.4631749034215,4165.613413411716,507.0070092041357,4369.496415923463
2000-10-16 12:00:00,1344.1050948951624,236.12064344446372,1362.1571015311179,2865.40127698309,323.9935772697852,2998.562711767441,4209.506371878253,560.1142207142489,4360.719813298559
2000-11-16 00:00:00,1364.6526471748446,250.0022346961029,1357.2809620421929,2907.594511775773,327.1607023726177,2994.662248631461,4272.247158950618,577.1629370687206,4351.943210673653
2000-12-16 12:00:00,1359.211906331325,249.19254463718636,1352.404822553268,2898.837116005821,325.16755407492974,2990.7617854954806,4258.049022337146,574.360098712116,4343.1666080487485
2001-01-16 12:00:00,1351.454637088919,252.25784644619893,1347.528683064343,2887.778427395904,330.39829450020864,2986.8613223595003,4239.233064484823,582.6561409464075,4334.390005423843
2001-02-15 00:00:00,1342.6975027915007,262.762506565218,1342.6525435754183,2878.0506492438526,338.78610688513004,2982.96085922352,4220.748152035353,601.5486134503481,4325.613402798937
2001-03-16 12:00:00,1337.6485085467666,269.63943136221775,1337.7764040864936,2861.2524595683594,360.96025393449844,2979.06039608754,4198.900968115126,630.5996852967162,4316.836800174033
2001-04-16 00:00:00,1316.9927380318384,298.07010862047133,1332.9002645975686,2838.459267749256,394.5250730550183,2975.1599329515598,4155.452005781094,692.5951816754896,4308.060197549127
2001-05-16 12:00:00,1273.040108531667,302.26924803997036,1328.0241251086436,2752.4229880820167,408.2047742342814,2971.2594698155795,4025.463096613684,710.4740222742518,4299.283594924223
2001-06-16 00:00:00,1280.5411971726448,300.507235983937,1323.1479856197188,2772.663267272774,398.4304510957811,2967.359006679599,4053.204464445419,698.9376870797181,4290.506992299317
2001-07-16 12:00:00,1273.6398734419356,300.744905398902,1318.271846130794,2762.5513777435585,396.80018199874013,2963.458543543619,4036.1912511854944,697.5450873976422,4281.730389674412
2001-08-16 12:00:00,1276.6386624377674,301.659300900701,1313.3957066418693,2789.059869800831,421.91154985160625,2959.5580804076385,4065.6985322385985,723.5708507523073,4272.953787049507
2001-09-16 00:00:00,1268.200424870681,291.28591439351396,1308.5195671529443,2779.0841144828155,408.7095292241295,2955.657617271658,4047.2845393534963,699.9954436176434,4264.177184424601
2001-10-16 12:00:00,1262.3020680871412,280.8962441482515,1303.6434276640193,2794.8020799496735,432.01959617544213,2951.757154135678,4057.104148036815,712.9158403236936,4255.400581799697
2001-11-16 00:00:00,1263.954369243009,283.173198750447,1298.7672881750946,2810.848205313503,448.692167230992,2947.8566909996975,4074.802574556512,731.865365981439,4246.623979174791
2001-12-16 12:00:00,1263.301622775051,282.94515791874437,1293.8911486861698,2816.455465312551,450.4992887713237,2943.9562278637172,4079.757088087602,733.444446690068,4237.847376549887
2002-01-16 12:00:00,1275.6776671353443,283.5778799577157,1289.0150091972448,2856.7040753196593,457.31165659312364,2940.055764727737,4132.381742455003,740.8895365508394,4229.070773924981
2002-02-15 00:00:00,1302.7778279119673,269.7677807201647,1284.1388697083198,2907.686900412373,452.80174904578394,2936.1553015917566,4210.46472832434,722.5695297659486,4220.2941713000755
2002-03-16 12:00:00,1305.5449121299037,266.25480760408846,1279.262730219395,2964.3497374900617,415.06112390529694,2932.2548384557763,4269.894649619965,681.3159315093853,4211.517568675171
2002-04-16 00:00:00,1314.8055151102583,250.4129610828227,1274.3865907304703,3050.15157670455,338.652654494475,2928.354375319796,4364.957091814808,589.0656155772976,4202.740966050265
2002-05-16 12:00:00,1332.8325584418908,234.5760341723384,1269.5104512415455,3157.5877448903975,249.57940588807918,2924.4539121838156,4490.420303332288,484.1554400604176,4193.964363425361
2002-06-16 00:00:00,1377.845125366479,264.4739054943183,1264.6343117526205,3284.4497580301286,347.11182370449296,2920.5534490478353,4662.2948833966075,611.5857291988112,4185.187760800455
2002-07-16 12:00:00,1441.9645742125406,309.2124832588689,1259.7581722636955,3419.6244638981098,427.4119769675042,2916.6529859118555,4861.58903811065,736.624460226373,4176.41115817555
2002-08-16 12:00:00,1469.5162259784322,317.5249219566442,1254.8820327747708,3468.9200811276455,447.0453707279985,2912.752522775875,4938.436307106078,764.5702926846427,4167.634555550645
2002-09-16 00:00:00,1474.3278449281627,319.68755200148547,1250.005893285846,3503.928634109805,446.84726299604387,2908.852059639895,4978.256479037967,766.5348149975293,4158.8579529257395
2002-10-16 12:00:00,1471.217192044391,317.32055330485025,1245.129753796921,3500.408629257811,446.99398312451234,2904.9515965039145,4971.625821302202,764.3145364293625,4150.081350300835
2002-11-16 00:00:00,1472.816220168577,318.32316054958653,1240.2536143079963,3505.6032342347057,445.65333985934575,2901.051133367934,4978.4194544032825,763.9765004089322,4141.304747675929
2002-12-16 12:00:00,1474.1286878065712,317.8816956200348,1235.3774748190713,3505.5749184073434,445.68596956060475,2897.150670231954,4979.703606213914,763.5676651806396,4132.528145051025
2003-01-16 12:00:00,1463.6161021111714,323.5757593740821,1230.5013353301465,3487.9365613569025,463.06471851146006,2893.2502070959736,4951.552663468074,786.6404778855422,4123.751542426119
2003-02-15 00:00:00,1434.1259979230717,351.1103858581378,1225.6251958412217,3463.527951928154,487.4270831223265,2889.3497439599932,4897.653949851226,838.5374689804644,4114.974939801214
2003-03-16 12:00:00,1417.7823668617204,375.5586348842296,1220.7490563522967,3463.552980918776,487.40261884553905,2885.449280824013,4881.335347780497,862.9612537297687,4106.198337176309
2003-04-16 00:00:00,1421.8195543817974,370.45255319009345,1215.8729168633718,3462.9477802446295,487.7506872582197,2881.5488176880326,4884.767334626427,858.2032404483132,4097.4217345514035
2003-05-16 12:00:00,1401.0669206013017,387.80502665626324,1210.996777374447,3412.8172960578736,511.2379821283917,2877.6483545520523,4813.884216659175,899.043008784655,4088.6451319264984
2003-06-16 00:00:00,1376.2350947375746,371.2176216465536,1206.1206378855222,3359.501784313514,455.47929808346004,2873.747891416072,4735.736879051088,826.6969197300136,4079.8685293015933
2003-07-16 12:00:00,1334.7275242087283,324.6644547793347,1201.2444983965972,3280.8270890436047,336.01528942396345,2869.8474282800917,4615.554613252333,660.6797442032981,4071.091926676688
2003-08-16 12:00:00,1310.3619849122103,305.57717083027853,1196.3683589076725,3235.3416162769704,279.3695258197466,2865.9469651441113,4545.7036011891805,584.9466966500252,4062.315324051783
2003-09-16 00:00:00,1295.9129174129966,293.31320954015894,1191.4922194187475,3179.4941278244255,247.24852693726376,2862.046502008131,4475.407045237422,540.5617364774228,4053.5387214268776
2003-10-16 12:00:00,1280.7713272214066,276.44977108342124,1186.6160799298227,3149.772761180752,232.44546481885297,2858.1460388721507,4430.544088402158,508.8952359022742,4044.762118801973
2003-11-16 00:00:00,1246.601462995046,248.8452413589604,1181.739940440898,3078.8982979528423,266.69360799682585,2854.2455757361704,4325.499760947889,515.5388493557863,4035.9855161770674
2003-12-16 12:00:00,1224.7134064352952,248.19669178064126,1176.863800951973,3036.1899424607104,314.04568597873765,2850.34511260019,4260.903348896006,562.2423777593789,4027.2089135521624
2004-01-16 12:00:00,1219.1013004255867,248.7275725642301,1171.987661463048,3020.87596498329,322.56986853056515,2846.4446494642098,4239.9772654088765,571.2974410947952,4018.4323109272573
2004-02-15 12:00:00,1211.653903404314,257.64335803584703,1167.1115219741232,2985.2667355078206,360.30204252528813,2842.5441863282294,4196.920638912135,617.9454005611351,4009.6557083023517
2004-03-16 12:00:00,1212.1876042457245,256.7628576302887,1162.2353824851984,2938.472193378951,392.0673605360612,2838.643723192249,4150.659797624676,648.8302181663498,4000.879105677447
2004-04-16 00:00:00,1202.2475380323633,267.92498333409594,1157.3592429962737,2876.610294794015,407.4664752309195,2834.743260056269,4078.8578328263784,675.3914585650155,3992.1025030525416
2004-05-16 12:00:00,1191.4350717360662,279.4529554399511,1152.4831035073487,2817.8537916607147,448.21265113016756,2830.842796920289,4009.288863396781,727.6656065701186,3983.3259004276365
2004-06-16 00:00:00,1155.0873284548231,265.87957751501716,1147.6069640184237,2739.3663663569064,387.6995737050732,2826.9423337843086,3894.4536948117293,653.5791512200904,3974.5492978027314
2004-07-16 12:00:00,1114.9397844219377,246.97054185180204,1142.730824529499,2675.6439123758155,323.3150530373075,2823.0418706483283,3790.583696797753,570.2855948891096,3965.772695177826
2004-08-16 12:00:00,1089.3348211646764,228.95369017935568,1137.8546850405742,2639.449284189148,262.2938117581393,2819.141407512348,3728.784105353824,491.24750193749503,3956.9960925529213
2004-09-16 00:00:00,1062.0642384753678,199.51309629330962,1132.9785455516492,2612.724228787884,236.8801798337837,2815.2409443763677,3674.7884672632517,436.3932761270933,3948.2194899280157
2004-10-16 12:00:00,1027.5260996870095,147.1596907031208,1128.1024060627242,2547.791936136059,196.11750510464535,2811.3404812403874,3575.3180358230684,343.27719580776613,3939.4428873031106
2004-11-16 00:00:00,1012.361349005545,129.63697374243768,1123.2262665737994,2534.9115714502477,199.38352941981265,2807.440018104407,3547.2729204557927,329.0205031622503,3930.6662846782056
2004-12-16 12:00:00,992.7732215581017,130.90053881438092,1118.3501270848747,2494.9696985945557,248.4773053655935,2803.5395549684267,3487.7429201526575,379.37784417997443,3921.8896820533005
2005-01-16 12:00:00,974.9187899774415,120.4205639130777,1113.47398759595,2457.0594788942967,239.78210903218272,2799.6390918324464,3431.9782688717382,360.2026729452604,3913.1130794283954
2005-02-15 00:00:00,973.8203742321384,121.45028721174194,1108.597848107025,2442.042886673525,246.69813310928683,2795.738628696466,3415.8632609056635,368.14842032102877,3904.33647680349
2005-03-16 12:00:00,969.624029290712,128.37445629998314,1103.7217086181,2420.2148339006744,258.4818300556365,2791.838165560486,3389.8388631913863,386.85628635561966,3895.5598741785852
2005-04-16 00:00:00,949.7657780224553,159.5322760634996,1098.8455691291751,2396.4508375107566,268.76363687191383,2787.9377024245055,3346.216615533212,428.2959129354134,3886.7832715536797
2005-05-16 12:00:00,954.7570570493153,156.94109244856352,1093.9694296402504,2427.644940910997,265.6247369409985,2784.037239288525,3382.401997960312,422.56582938956205,3878.0066689287746
2005-06-16 00:00:00,956.7984444656778,158.41012675723076,1089.0932901513254,2448.656528155249,289.6779939250635,2780.136776152545,3405.4549726209266,448.0881206822943,3869.2300663038695
2005-07-16 12:00:00,962.7412520144085,161.78024062145766,1084.2171506624006,2468.303813603965,312.1247007844827,2776.236313016565,3431.0450656183734,473.90494140594035,3860.453463678964
2005-08-16 12:00:00,964.3222170585651,163.35474225424954,1079.3410111734756,2473.0792022112264,319.5632374391135,2772.3358498805846,3437.4014192697914,482.917979693363,3851.6768610540594
2005-09-16 00:00:00,968.6738555218591,168.67502116630115,1074.4648716845509,2477.575759411314,323.127620457025,2768.4353867446043,3446.249614933173,491.80264162332617,3842.900258429154
2005-10-16 12:00:00,985.9472543124316,190.4757642760437,1069.588732195626,2508.6904849947064,325.0603471330579,2764.534923608624,3494.637739307138,515.5361114091016,3834.1236558042488
2005-11-16 00:00:00,997.9090540308365,200.79169480207983,1064.7125927067011,2527.124220878362,325.43564349387,2760.6344604726437,3525.0332749091986,526.2273382959498,3825.3470531793437
2005-12-16 12:00:00,1016.8185333598511,199.15850645907972,1059.8364532177761,2577.835133175334,284.14619389821576,2756.7339973366634,3594.653666535185,483.3047003572955,3816.570450554438
2006-01-16 12:00:00,1025.5471478691027,198.35338774959664,1054.9603137288514,2610.270880514844,273.0995071039692,2752.833534200683,3635.8180283839465,471.4528948535658,3807.7938479295335
2006-02-15 00:00:00,1027.8875091698028,196.47711222772705,1050.0841742399266,2629.765739014908,254.1980265917079,2748.9330710647027,3657.6532481847107,450.67513881943495,3799.017245304628
2006-03-16 12:00:00,1031.4357357954693,191.5772312296054,1045.2080347510016,2644.836251367409,230.3699909609076,2745.0326079287224,3676.2719871628788,421.947222190513,3790.240642679723
2006-04-16 00:00:00,1039.3742758145129,175.4371994098188,1040.3318952620768,2662.939619379448,197.02825097680994,2741.132144792742,3702.313895193961,372.46545038662873,3781.464040054818
2006-05-16 12:00:00,1030.3807596137042,184.86142518659062,1035.4557557731519,2641.3355904606283,218.79085524033275,2737.231681656762,3671.7163500743327,403.65228042692337,3772.6874374299127
2006-06-16 00:00:00,1017.9910231686814,185.99936060594104,1030.579616284227,2626.8389617026955,207.84991520300227,2733.3312185207815,3644.829984871377,393.8492758089433,3763.9108348050077
2006-07-16 12:00:00,1008.6227296681215,185.1563849506931,1025.7034767953023,2622.099763877773,201.6646599926365,2729.430755384801,3630.7224935458944,386.82104494332964,3755.134232180102
2006-08-16 12:00:00,989.9092072004305,182.7788105629497,1020.8273373063773,2601.6410088299795,173.68042598073797,2725.530292248821,3591.55021603041,356.45923654368767,3746.3576295551975
2006-09-16 00:00:00,976.7229258402764,172.906859440034,1015.9511978174525,2611.81373371338,185.64689954151407,2721.6298291128405,3588.536659553656,358.55375898154807,3737.581026930292
2006-10-16 12:00:00,970.4831732824933,161.8516852182337,1011.0750583285276,2621.4194872222947,192.80309607725684,2717.72936597686,3591.902660504788,354.6547812954906,3728.804424305387
2006-11-16 00:00:00,964.8898476852851,153.65535982463683,1006.1989188396028,2619.5027935863104,192.771577327177,2713.82890284088,3584.3926412715955,346.42693715181383,3720.027821680482
2006-12-16 12:00:00,951.011798630621,147.9186715519281,1001.3227793506779,2590.906382444684,216.28881720067773,2709.9284397048996,3541.918181075305,364.20748875260585,3711.2512190555763
2007-01-16 12:00:00,935.9617013462583,145.72152040195172,996.446639861753,2549.784580027022,238.58220803062665,2706.0279765689193,3485.7462813732805,384.3037284325784,3702.4746164306716
2007-02-15 00:00:00,918.5115511636824,162.63606385434954,991.5705003728282,2521.207791097515,264.225166003319,2702.127513432939,3439.719342261197,426.8612298576685,3693.698013805766
2007-03-16 12:00:00,900.7319008185615,186.40293031388342,986.6943608839033,2503.0703887276654,282.55659214863175,2698.2270502969586,3403.802289546227,468.95952246251517,3684.921411180861
2007-04-16 00:00:00,902.3276039088572,184.83824782404233,981.8182213949784,2503.326730481087,282.43614981956966,2694.3265871609783,3405.6543343899443,467.274397643612,3676.144808555956
2007-05-16 12:00:00,915.2623576990121,182.08529243238385,976.9420819060535,2546.371557144617,289.43590451474404,2690.426124024998,3461.633914843629,471.5211969471279,3667.3682059310504
2007-06-16 00:00:00,912.1613195676641,182.0768015885615,972.0659424171287,2543.7373297755908,288.0926700162302,2686.5256608890177,3455.898649343255,470.16947160479174,3658.5916033061458
2007-07-16 12:00:00,925.2835649517868,191.4775502600181,967.1898029282038,2579.7656883420427,346.843219233076,2682.625197753038,3505.0492532938297,538.3207694930941,3649.8150006812402
2007-08-16 12:00:00,927.2886083997893,191.4367314323495,962.313663439279,2581.7180653879127,347.8369763694441,2678.7247346170575,3509.006673787702,539.2737078017935,3641.038398056335
2007-09-16 00:00:00,919.92821269696,188.7429305818735,957.4375239503541,2555.5930183134537,336.09469439027373,2674.824271481077,3475.521231010414,524.8376249721473,3632.26179543143
2007-10-16 12:00:00,892.2440664578711,163.5111809492934,952.5613844614293,2503.6566198085234,340.09195961229904,2670.923808345097,3395.9006862663946,503.60314056159245,3623.485192806525
2007-11-16 00:00:00,865.3053732029002,141.4470642853074,947.6852449725044,2457.3313380152035,359.4699647476192,2667.0233452091165,3322.6367112181038,500.9170290329266,3614.70859018162
2007-12-16 12:00:00,855.8201456298757,140.1307265591017,942.8091054835795,2439.2750388605205,373.8118089116889,2663.122882073136,3295.095184490396,513.9425354707906,3605.9319875567144
2008-01-16 12:00:00,851.2398162301928,140.3394892025549,937.9329659946546,2413.827160980264,398.77420287186595,2659.222418937156,3265.066977210457,539.1136920744209,3597.1553849318097
2008-02-15 12:00:00,846.1557596610415,147.6175854838736,933.0568265057298,2383.14840723322,431.5910706948611,2655.3219558011756,3229.3041668942615,579.2086561787347,3588.378782306904
2008-03-16 12:00:00,856.2803202389515,131.60411080423566,928.180687016805,2371.9724475894723,439.7387874731492,2651.4214926651953,3228.2527678284237,571.3428982773848,3579.602179681999
2008-04-16 00:00:00,877.6088339796273,129.99277242420803,923.3045475278801,2356.0600506446995,442.8932116088341,2647.521029529215,3233.668884624327,572.8859840330422,3570.825577057094
2008-05-16 12:00:00,869.4227522532593,128.42636144077426,918.4284080389552,2315.5531976391294,419.33131679477253,2643.6205663932346,3184.9759498923886,547.7576782355468,3562.0489744321885
2008-06-16 00:00:00,871.4683150983437,129.02119725810385,913.5522685500304,2327.7023629674895,431.5468119769199,2639.7201032572543,3199.1706780658333,560.5680092350237,3553.272371807284
2008-07-16 12:00:00,846.1419511038845,102.67836961173899,908.6761290611055,2276.1497885215813,340.1041987084135,2635.819640121274,3122.2917396254657,442.78256832015245,3544.4957691823784
2008-08-16 12:00:00,835.41841851964,99.57161830143534,903.7999895721806,2280.702640983839,346.97106521805966,2631.9191769852937,3116.121059503479,446.542683519495,3535.7191665574733
2008-09-16 00:00:00,836.06933517296,100.33470587001023,898.9238500832557,2282.620839323639,348.60063065988044,2628.018713849314,3118.690174496599,448.93533652989066,3526.942563932568
2008-10-16 12:00:00,849.9527639491149,118.22227329453878,894.0477105943309,2308.848415794962,352.6114532872579,2624.1182507133335,3158.8011797440768,470.83372658179667,3518.1659613076627
2008-11-16 00:00:00,866.4340002919242,129.24128691411596,889.171571105406,2339.7795029451463,345.29875989842475,2620.217787577353,3206.2135032370707,474.5400468125407,3509.389358682758
2008-12-16 12:00:00,882.0482594419996,134.29338143253995,884.2954316164812,2381.396033428837,337.7263556236988,2616.317324441373,3263.4442928708368,472.01973705623874,3500.6127560578525
2009-01-16 12:00:00,894.1488883381309,134.66784023706887,879.4192921275563,2431.448061064016,304.82809266183034,2612.4168613053926,3325.596949402147,439.49593289889924,3491.8361534329474
2009-02-15 00:00:00,914.3575184677152,105.95882988616025,874.5431526386315,2488.145687034114,230.88873421007813,2608.5163981694122,3402.503205501829,336.8475640962384,3483.0595508080423
2009-03-16 12:00:00,928.1603394788385,84.62384198442673,869.6670131497066,2527.008720805925,177.28181248437218,2604.615935033432,3455.1690602847634,261.9056544687989,3474.2829481831373
2009-04-16 00:00:00,930.4304956329885,86.46449347243967,864.7908736607817,2578.8234224686034,158.4627451669479,2600.7154718974516,3509.253918101592,244.92723863938758,3465.506345558232
2009-05-16 12:00:00,927.3386773628869,89.91125368107252,859.9147341718568,2610.4924321713147,145.73891438471804,2596.8150087614713,3537.8311095342015,235.65016806579058,3456.7297429333266
2009-06-16 00:00:00,914.7891225762933,99.98422167788424,855.038594682932,2593.821392820881,131.28366239940848,2592.914545625491,3508.6105153971744,231.2678840772927,3447.953140308422
2009-07-16 12:00:00,908.2926946645847,107.6903694322634,850.1624551940072,2579.201132908159,130.97760788826935,2589.0140824895107,3487.4938275727436,238.66797732053274,3439.1765376835165
2009-08-16 12:00:00,893.7921481205781,129.9399430789731,845.2863157050823,2561.0237386506246,109.06081807731789,2585.1136193535303,3454.8158867712027,239.000761156291,3430.3999350586114
2009-09-16 00:00:00,887.4234371213297,128.55990688798929,840.4101762161574,2544.6548133640495,118.05934922243583,2581.21315621755,3432.078250485379,246.6192561104251,3421.6233324337063
2009-10-16 12:00:00,875.7444835564428,117.60522477277263,835.5340367272325,2527.0120804418616,136.75021261033268,2577.3126930815697,3402.7565639983045,254.3554373831053,3412.846729808801
2009-11-16 00:00:00,867.7019689595578,109.10347468953677,830.6578972383077,2520.6748096270253,142.8457828903003,2573.4122299455894,3388.376778586583,251.94925757983708,3404.070127183896
2009-12-16 12:00:00,846.0969053938475,104.23619298641458,825.7817577493828,2482.290209937018,185.75008104687674,2569.511766809609,3328.3871153308655,289.98627403329135,3395.2935245589906
2010-01-16 12:00:00,824.836270212713,103.86154716257556,820.9056182604579,2465.4329294865474,192.82478096331695,2565.6113036736288,3290.2691996992603,296.6863281258925,3386.5169219340855
2010-02-15 00:00:00,805.69833369553,116.95068746201619,816.0294787715331,2452.7200525482563,198.32947678599308,2561.7108405376484,3258.4183862437862,315.28016424800927,3377.7403193091804
2010-03-16 12:00:00,786.8913106602362,125.08661046763277,811.1533392826082,2433.5227194646436,207.69690939621285,2557.810377401668,3220.41403012488,332.78351986384564,3368.963716684275
2010-04-16 00:00:00,759.744431686826,107.31340636414656,806.2771997936834,2416.777288551477,183.99452374281478,2553.909914265688,3176.521720238303,291.30793010696135,3360.1871140593703
2010-05-16 12:00:00,728.2235499361036,138.38256925206076,801.4010603047584,2389.1559011622817,159.0557113018959,2550.0094511297075,3117.3794510983853,297.4382805539567,3351.4105114344648
2010-06-16 00:00:00,691.5381547833728,175.84402900152674,796.5249208158336,2351.2007859469304,153.1416002834081,2546.108987993727,3042.738940730303,328.9856292849348,3342.6339088095597
2010-07-16 12:00:00,655.5774648016234,202.4482161210696,791.6487813269089,2318.1259707972854,159.81611853418838,2542.208524857747,2973.703435598909,362.264334655258,3333.8573061846546
2010-08-16 12:00:00,631.2683069455194,220.55612696782805,786.7726418379839,2258.677716703626,173.83291037707585,2538.308061721767,2889.9460236491454,394.3890373449039,3325.0807035597495
2010-09-16 00:00:00,599.6262173628702,209.50460598746392,781.8965023490591,2255.8549353090084,171.90617310707106,2534.4075985857867,2855.4811526718786,381.410779094535,3316.3041009348444
2010-10-16 12:00:00,589.4140932834692,195.84126048459018,777.0203628601341,2250.9049205978913,171.56249950350903,2530.5071354498064,2840.3190138813607,367.4037599880992,3307.527498309939
2010-11-16 00:00:00,582.8570194637315,184.89429004770824,772.1442233712094,2249.7249276108987,170.91503695000307,2526.606672313826,2832.58194707463,355.8093269977113,3298.7508956850343
2010-12-16 12:00:00,574.3559614841759,179.212046591271,767.2680838822844,2230.7566346916124,198.2997245614351,2522.7062091778457,2805.112596175788,377.5117711527061,3289.9742930601287
2011-01-16 12:00:00,565.1601538294443,174.80642591539112,762.3919443933596,2193.9444280799876,222.7695119847678,2518.8057460418654,2759.104581909432,397.5759379001589,3281.1976904352236
2011-02-15 00:00:00,551.8074553527937,175.8476027604675,757.5158049044346,2154.4899198462244,241.92886473128826,2514.905282905885,2706.297375199018,417.77646749175574,3272.4210878103186
2011-03-16 12:00:00,548.3140717253078,174.6499984707337,752.6396654155099,2122.175412094153,255.35968964809956,2511.0048197699048,2670.489483819461,430.00968811883325,3263.644485185413
2011-04-16 00:00:00,547.4940462807692,174.02116242422144,747.7635259265851,2092.4815057147903,215.4495262572753,2507.1043566339245,2639.9755519955597,389.47068868149677,3254.8678825605084
2011-05-16 12:00:00,559.1181778801332,170.6629179629185,742.8873864376601,2094.0898539986088,217.74009901102093,2503.203893497944,2653.208031878742,388.40301697393943,3246.091279935603
2011-06-16 00:00:00,589.0469059650853,158.82192180360528,738.0112469487353,2134.9972061310577,267.8892311999943,2499.303430361964,2724.044112096143,426.7111530035996,3237.314677310698
2011-07-16 12:00:00,610.9018442178516,136.4731392833055,733.1351074598103,2153.0273074371216,272.4807764240199,2495.4029672259835,2763.9291516549733,408.9539157073254,3228.5380746857927
2011-08-16 12:00:00,620.7508092282079,119.81705017328954,728.2589679708856,2200.215766934171,272.28803127576623,2491.502504090003,2820.9665761623787,392.1050814490558,3219.761472060887
2011-09-16 00:00:00,635.5447966776305,114.94119163321676,723.3828284819606,2199.9502163314414,272.1352160858053,2487.602040954023,2835.495013009072,387.0764077190221,3210.9848694359825
2011-10-16 12:00:00,645.2706347763195,132.42652443564472,718.5066889930358,2221.6130048549335,284.19060540954763,2483.701577818043,2866.883639631253,416.6171298451924,3202.208266811077
2011-11-16 00:00:00,657.0228138789132,155.6003600456344,713.6305495041108,2233.7206758214056,291.84872759903925,2479.8011146820627,2890.7434897003186,447.4490876446737,3193.431664186172
2011-12-16 12:00:00,674.3815543376712,165.09846307866027,708.7544100151861,2276.241089349211,270.6926332751871,2475.9006515460824,2950.6226436868824,435.79109635384737,3184.655061561267
2012-01-16 12:00:00,679.2355364055396,163.67231483556318,703.8782705262613,2302.235849010227,242.13017842484317,2472.000188410102,2981.4713854157667,405.8024932604063,3175.8784589363618
2012-02-15 12:00:00,688.6797377068383,154.00470457937524,699.0021310373363,2338.2990010827134,196.18179636958428,2468.0997252741217,3026.9787387895517,350.1865009489595,3167.1018563114567
2012-03-16 12:00:00,711.3920671558134,157.70868175797213,694.1259915484115,2408.0058386492933,150.40183899058675,2464.1992621381414,3119.397905805107,308.1105207485589,3158.3252536865516
2012-04-16 00:00:00,714.0694655383818,157.3688917455714,689.2498520594866,2424.158212398504,142.2774358073882,2460.298799002161,3138.227677936886,299.64632755295963,3149.548651061646
2012-05-16 12:00:00,719.244008132731,153.63027699344636,684.3737125705618,2423.730743888236,142.32280857088983,2456.398335866181,3142.9747520209667,295.9530855643362,3140.772048436741
2012-06-16 00:00:00,701.3295011572945,168.0323348459982,679.4975730816368,2417.516808115323,133.31652257899196,2452.4978727302005,3118.8463092726174,301.3488574249902,3131.995445811836
2012-07-16 12:00:00,679.812002711743,196.32661359468543,674.621433592712,2435.4960720964286,133.63540094623883,2448.59740959422,3115.3080748081716,329.96201454092426,3123.218843186931
2012-08-16 12:00:00,659.9036351928597,227.43677283778268,669.7452941037873,2421.3200727385756,139.3298256404262,2444.69694645824,3081.2237079314355,366.7665984782089,3114.4422405620257
2012-09-16 00:00:00,644.6650101533817,231.78321569564025,664.8691546148623,2427.200085833329,137.89422854204847,2440.7964833222595,3071.865095986711,369.67744423768875,3105.66563793712
2012-10-16 12:00:00,631.4409858675048,219.85283901833168,659.9930151259375,2398.020211156859,156.17830995608006,2436.896020186279,3029.461197024364,376.03114897441174,3096.889035312215
2012-11-16 00:00:00,621.3277400349476,204.67453584394505,655.1168756370125,2386.9616018063966,154.49512001840287,2432.995557050299,3008.289341841344,359.1696558623479,3088.11243268731
2012-12-16 12:00:00,618.0041376331463,201.10364608418365,650.2407361480878,2385.150511714892,154.8085686575338,2429.0950939143186,3003.1546493480387,355.91221474171743,3079.335830062405
2013-01-16 12:00:00,631.4502472889417,208.55981875697898,645.3645966591628,2414.525547179294,142.94630947165388,2425.1946307783383,3045.9757944682356,351.50612822863286,3070.5592274375
2013-02-15 00:00:00,638.9052288040235,208.11535780733578,640.488457170238,2433.5715298647456,135.79155576173375,2421.294167642358,3072.476758668769,343.9069135690695,3061.782624812595
2013-03-16 12:00:00,630.8773086328837,201.10526725157203,635.6123176813132,2429.872633938071,129.55575177560536,2417.3937045063776,3060.7499425709548,330.6610190271774,3053.0060221876893
2013-04-16 00:00:00,629.570677840071,200.6451382120268,630.7361781923883,2440.294435370842,134.82512499073158,2413.4932413703973,3069.865113210913,335.47026320275836,3044.229419562784
2013-05-16 12:00:00,610.3588295973535,209.99107305210816,625.8600387034635,2435.047651418349,137.25017431633265,2409.592778234417,3045.4064810157024,347.2412473684408,3035.452816937879
2013-06-16 00:00:00,608.3225811782329,211.42187320157163,620.9838992145385,2450.2983426298792,160.97073755406117,2405.6923150984367,3058.620923808112,372.3926107556328,3026.676214312974
2013-07-16 12:00:00,612.0066458252949,206.73214681726137,616.1077597256137,2483.4956900624325,209.2227725945234,2401.7918519624563,3095.5023358877274,415.9549194117848,3017.899611688069
2013-08-16 12:00:00,606.5965273211793,217.50689012210347,611.2316202366887,2489.714787247554,204.38827754749954,2397.891388826476,3096.311314568733,421.895167669603,3009.123009063164
2013-09-16 00:00:00,602.1619328161721,220.2546922727425,606.355480747764,2509.069561117929,208.36793350035626,2393.990925690496,3111.2314939341013,428.6226257730988,3000.3464064382583
2013-10-16 12:00:00,609.8986211719574,227.26753378560363,601.479341258839,2553.1480521114904,180.91176214501942,2390.090462554516,3163.046673283448,408.1792959306231,2991.5698038133532
2013-11-16 00:00:00,614.5892950230453,233.3808083564029,596.6032017699142,2567.8535843218506,170.66530718077115,2386.1899994185355,3182.442879344896,404.04611553717405,2982.793201188448
2013-12-16 12:00:00,619.4869690927877,238.15979888658796,591.7270622809895,2578.5858918454865,160.26126949187815,2382.289536282555,3198.072860938274,398.4210683784661,2974.016598563543
2014-01-16 12:00:00,613.5936589381989,233.9886593499385,586.8509227920645,2549.6886308746975,196.18407592678105,2378.389073146575,3163.2822898128966,430.17273527671955,2965.239995938638
2014-02-15 00:00:00,620.3366439871394,236.5959397627265,581.9747833031397,2545.7345792455576,197.89913732126132,2374.4886100105946,3166.071223232697,434.4950770839878,2956.4633933137325
2014-03-16 12:00:00,613.5074473552363,233.47254400628103,577.0986438142147,2515.1766219281876,209.97709369544006,2370.5881468746143,3128.684069283424,443.4496377017211,2947.6867906888274
2014-04-16 00:00:00,615.5385655583165,234.26101434277058,572.22250432529,2527.8472543156963,217.03698976499058,2366.687683738634,3143.3858198740127,451.29800410776113,2938.9101880639223
2014-05-16 12:00:00,615.377259744295,234.40667979274573,567.346364836365,2531.6630198548924,214.14234800210957,2362.7872206026536,3147.040279599187,448.5490277948553,2930.133585439017
2014-06-16 00:00:00,610.1199493751636,238.7450759903191,562.4702253474402,2528.833681392988,211.2306766142994,2358.8867574666733,3138.953630768152,449.9757526046185,2921.356982814112
2014-07-16 12:00:00,598.387788572768,253.4533658094384,557.5940858585152,2493.0944224994796,172.12807391757505,2354.986294330693,3091.4822110722475,425.58143972701345,2912.580380189207
2014-08-16 12:00:00,583.8669182035951,281.8734093741588,552.7179463695904,2469.067643013611,205.4803691179068,2351.0858311947127,3052.934561217206,487.35377849206566,2903.8037775643015
2014-09-16 00:00:00,558.1518984603966,306.61893766459144,547.8418068806657,2417.6319954839296,227.80019078849895,2347.185368058733,2975.7838939443263,534.4191284530904,2895.0271749393964
2014-10-16 12:00:00,535.2361141394906,293.5540111409382,542.9656673917407,2396.084357211465,214.32996062941723,2343.2849049227525,2931.320471350956,507.8839717703554,2886.2505723144914
2014-11-16 00:00:00,526.1382297613519,282.3281133485788,538.0895279028159,2381.046664362969,210.97402349856557,2339.384441786772,2907.1848941243206,493.3021368471444,2877.4739696895863
2014-12-16 12:00:00,528.8944100332266,285.87399650054357,533.2133884138909,2381.6534967098683,211.26003160443307,2335.483978650792,2910.5479067430947,497.13402810497666,2868.697367064681
2015-01-16 12:00:00,528.4464616909327,285.5339087857377,528.3372489249662,2388.5352222038096,205.4937093868605,2331.5835155148116,2916.981683894742,491.0276181725982,2859.920764439776
2015-02-15 00:00:00,531.3788308681004,287.94823210085224,523.4611094360412,2377.3131603058296,206.13359932228198,2327.6830523788312,2908.69199117393,494.0818314231342,2851.1441618148706
2015-03-16 12:00:00,553.5281740686308,308.29678479173873,518.5849699471164,2397.8798582652485,206.36349961862808,2323.782589242851,2951.4080323338794,514.6602844103668,2842.3675591899655
2015-04-16 00:00:00,559.8208728842185,312.32368205861087,513.7088304581916,2383.169705560768,188.6592202592566,2319.8821261068706,2942.9905784449866,500.98290231786746,2833.5909565650604
2015-05-16 12:00:00,574.388131823075,308.7197225983859,508.83269096926665,2401.9297508337304,199.21411198940024,2315.9816629708903,2976.3178826568055,507.9338345877861,2824.8143539401553
2015-06-16 00:00:00,561.7746700225201,319.07825347010754,503.9565514803419,2363.472558891626,174.80344671444456,2312.08119983491,2925.247228914146,493.8817001845521,2816.0377513152503
2015-07-16 12:00:00,546.1168264669392,339.1808982979948,499.0804119914169,2352.5627032184216,169.5589437061289,2308.1807366989296,2898.6795296853606,508.7398420041237,2807.2611486903447
2015-08-16 12:00:00,527.5443526978098,373.98041073833025,494.20427250249213,2343.2351355954893,186.78413187303457,2304.2802735629493,2870.779488293299,560.7645426113648,2798.4845460654396
2015-09-16 00:00:00,521.7752625856516,380.49078877062493,489.32813301356714,2342.891886671686,187.34267697098375,2300.379810426969,2864.6671492573373,567.8334657416087,2789.7079434405346
2015-10-16 12:00:00,521.9796568717918,380.5228229643909,484.4519935246424,2345.5884010743,188.60086574524345,2296.4793472909887,2867.5680579460914,569.1236887096344,2780.9313408156295
2015-11-16 00:00:00,527.8759727231251,385.78338976319776,479.5758540357176,2362.4014157032634,196.68944505256897,2292.5788841550084,2890.2773884263884,582.4728348157668,2772.1547381907244
2015-12-16 12:00:00,531.9329654616707,390.0087377122375,474.6997145467926,2376.4458819635697,210.44212130125004,2288.678421019028,2908.3788474252406,600.4508590134876,2763.3781355658193
2016-01-16 12:00:00,547.6538848795241,401.81885761418266,469.82357505786786,2411.2579747651853,221.2170033819724,2284.7779578830477,2958.9118596447092,623.0358609961551,2754.601532940914
2016-02-15 12:00:00,563.4393514729062,414.3044020933643,464.94743556894286,2443.9510897162486,231.67132214780497,2280.8774947470674,3007.390441189155,645.9757242411692,2745.8249303160087
2016-03-16 12:00:00,572.4842401320415,423.7062519419833,460.0712960800181,2462.775064442489,245.31671550381213,2276.977031611087,3035.2593045745307,669.0229674457954,2737.0483276911036
2016-04-16 00:00:00,576.1704203107126,425.79600302032327,455.1951565910931,2479.48676778357,256.5789029235523,2273.076568475107,3055.657188094283,682.3749059438755,2728.2717250661985
2016-05-16 12:00:00,575.2428627727668,425.80381780905566,450.31901710216835,2516.9918658902675,302.3447429704048,2269.1761053391265,3092.2347286630343,728.1485607794605,2719.4951224412935
2016-06-16 00:00:00,560.4301923308238,440.24264734936764,445.44287761324335,2535.814165069915,293.31963753435156,2265.275642203146,3096.244357400739,733.5622848837193,2710.7185198163884
2016-07-16 12:00:00,545.3567472696361,460.5208417014676,440.5667381243186,2563.4477739460813,292.51764576861217,2261.375179067166,3108.8045212157176,753.0384874700798,2701.941917191483
2016-08-16 12:00:00,545.2187496711109,460.7571643920165,435.6905986353938,2592.433770518525,244.93665224474887,2257.4747159311855,3137.6525201896357,705.6938166367654,2693.1653145665778
2016-09-16 00:00:00,550.9276349578851,455.1539058964024,430.81445914646883,2659.4161880955357,186.77805935250677,2253.574252795205,3210.3438230534207,641.9319652489091,2684.3887119416727
2016-10-16 12:00:00,571.1938259826128,461.48932779167524,425.93831965754407,2730.7310933541357,246.36113959996484,2249.673789659225,3301.9249193367486,707.8504673916401,2675.6121093167676
2016-11-16 00:00:00,591.8729073548675,481.0029848066835,421.0621801686191,2794.698949436239,286.82661780257513,2245.7733265232446,3386.5718567911067,767.8296026092587,2666.8355066918625
2016-12-16 12:00:00,603.8563527163602,491.65451832036456,416.1860406796943,2843.2215222599443,307.277995138726,2241.8728633872643,3447.0778749763044,798.9325134590906,2658.058904066957
2017-01-16 12:00:00,602.7588953565613,490.936012444403,411.3099011907693,2881.5369492678888,311.8624763582266,2237.9724002512844,3484.29584462445,802.7984888026297,2649.282301442052
2017-02-15 00:00:00,622.8442101703171,510.2247242611296,406.43376170184456,2955.3780876810647,360.36227262513466,2234.071937115304,3578.222297851382,870.5869968862643,2640.505698817147
2017-03-16 12:00:00,635.5000042445891,522.5895720509571,401.55762221291957,3025.091815143431,391.38017345967876,2230.1714739793238,3660.59181938802,913.9697455106359,2631.7290961922417
2017-04-16 00:00:00,651.3103319106773,531.2520240939693,396.6814827239948,3116.5025412976233,439.3942038931475,2226.2710108433434,3767.8128732083005,970.6462279871168,2622.9524935673367
2017-05-16 12:00:00,648.8482969326689,531.7073796627483,391.80534323507004,3135.113202801656,441.51283660810253,2222.370547707363,3783.9614997343247,973.2202162708509,2614.1758909424316
2017-06-16 00:00:00,646.2960136982609,534.6084612627654,386.92920374614505,3116.309829413582,472.05707900066443,2218.470084571383,3762.605843111843,1006.6655402634299,2605.399288317526
2017-07-16 12:00:00,654.6735512863647,522.8251086659035,382.0530642572203,3058.7963184299824,553.4557851734669,2214.5696214354025,3713.469869716347,1076.2808938393705,2596.622685692621
