,sea_ice_melt_mean,sea_ice_melt_std_dev,sea_ice_melt_trend,meteoric_mean,meteoric_std_dev,meteoric_trend,net_liquid_freshwater_mean,net_liquid_freshwater_std_dev,net_liquid_freshwater_trend
0,,,1844.1269700526416,,,3174.337972295073,,,5018.464942347715
1,,,1843.1484135265007,,,3173.8975707118725,,,5017.045984238373
2,,,1842.1698570003598,,,3173.4571691286724,,,5015.627026129033
3,,,1841.191300474219,,,3173.016767545472,,,5014.208068019691
4,,,1840.212743948078,,,3172.5763659622717,,,5012.78910991035
5,,,1839.2341874219373,,,3172.135964379071,,,5011.370151801008
6,2258.523874651106,745.9969727271103,1838.2556308957965,4233.432847640882,893.5454397053193,3171.695562795871,6491.956722291988,1639.5424124324295,5009.951193691668
7,2303.2856851094148,782.8453801201246,1837.2770743696556,4286.245740747354,937.636192681811,3171.2551612126704,6589.531425856769,1720.4815728019357,5008.532235582326
8,2285.681266727054,762.2793630384195,1836.2985178435147,4243.23639226812,891.4169847567223,3170.8147596294702,6528.917658995174,1653.6963477951417,5007.113277472985
9,2265.7007471022084,737.2282425688734,1835.3199613173738,4196.015465589152,838.6554496620003,3170.3743580462697,6461.716212691361,1575.8836922308737,5005.694319363643
10,2252.754994313916,727.1909914997683,1834.341404791233,4164.004550646527,820.0113350303764,3169.9339564630695,6416.759544960443,1547.2023265301445,5004.275361254303
11,2219.629076058071,716.9344987710759,1833.362848265092,4096.548888938928,808.8787466932436,3169.493554879869,6316.177964996999,1525.8132454643196,5002.856403144961
12,2177.43828022736,723.8774719190392,1832.384291738951,4011.544231167014,833.2225655147363,3169.053153296669,6188.982511394373,1557.1000374337755,5001.43744503562
13,2173.4817577602125,726.2374313803435,1831.4057352128102,3978.7943535325817,851.4494221252095,3168.6127517134682,6152.276111292795,1577.686853505553,5000.018486926279
14,2166.934716715206,732.4312120552272,1830.4271786866693,3958.192543581436,860.471793374578,3168.172350130268,6125.127260296642,1592.9030054298053,4998.599528816938
15,2157.6349694652276,745.7890615768559,1829.4486221605287,3926.164193812479,902.9033120931157,3167.7319485470675,6083.799163277707,1648.6923736699716,4997.180570707596
16,2157.2648336573784,746.3737949109714,1828.4700656343878,3912.7647738557735,926.7018058638326,3167.2915469638674,6070.029607513152,1673.0756007748041,4995.761612598255
17,2183.3738262912534,748.4512220262146,1827.4915091082469,3946.023134479619,940.0199005773484,3166.851145380667,6129.396960770872,1688.471122603563,4994.342654488914
18,2153.3854927916072,745.1973692304776,1826.512952582106,3888.4842016675193,932.7847144990968,3166.4107437974667,6041.869694459127,1677.9820837295745,4992.923696379573
19,2056.8408933024916,678.1303077680574,1825.534396055965,3722.62880861297,831.1608893434707,3165.970342214266,5779.469701915461,1509.2911971115282,4991.504738270231
20,2029.5661011447976,641.5681305591992,1824.5558395298242,3669.372208669342,766.2197148892479,3165.529940631066,5698.93830981414,1407.7878454484471,4990.08578016089
21,2007.3530028790744,608.0025994823333,1823.5772830036833,3626.896352226184,708.6283205857105,3165.0895390478654,5634.2493551052585,1316.630920068044,4988.666822051549
22,1959.5103779908595,569.0833181529351,1822.5987264775424,3542.523123146202,661.8356252068909,3164.6491374646653,5502.033501137062,1230.918943359826,4987.247863942208
23,1921.657115422895,562.843192505812,1821.6201699514015,3473.23280613203,668.4677131240544,3164.2087358814647,5394.8899215549245,1231.3109056298663,4985.828905832866
24,1909.4866253447483,566.3300981699313,1820.6416134252609,3443.6325681510357,682.800487597117,3163.7683342982646,5353.119193495784,1249.1305857670482,4984.409947723526
25,1897.5734757744592,571.6849852809371,1819.66305689912,3423.8062188369204,689.2397381700789,3163.327932715064,5321.37969461138,1260.924723451016,4982.990989614184
26,1886.2912174793275,581.8311750727918,1818.684500372979,3388.5482664039973,696.7544635563031,3162.887531131864,5274.839483883325,1278.5856386290948,4981.572031504843
27,1886.2706940930814,581.8608590060703,1817.7059438468382,3414.0880564838385,671.8932893646437,3162.4471295486633,5300.35875057692,1253.7541483707141,4980.153073395501
28,1911.1966758478618,547.7652335268871,1816.7273873206973,3465.039075304792,598.1103630385195,3162.006727965463,5376.235751152653,1145.8755965654066,4978.734115286161
29,1848.0672119282729,532.8051030012036,1815.7488307945564,3348.8057302022576,514.9038160654709,3161.5663263822626,5196.872942130531,1047.7089190666745,4977.315157176819
30,1857.4016970555967,537.5624077158625,1814.7702742684155,3354.5131058610186,519.0146875102503,3161.1259247990624,5211.914802916615,1056.5770952261128,4975.896199067478
31,1880.8002527097542,550.1047139743181,1813.7917177422746,3388.2702816723818,530.7190319662216,3160.685523215862,5269.0705343821355,1080.8237459405395,4974.4772409581365
32,1865.6252318639688,527.5797567134069,1812.8131612161337,3360.372306577374,486.3556852434264,3160.2451216326617,5225.997538441343,1013.9354419568333,4973.058282848796
33,1854.7681684061583,508.6376130822004,1811.8346046899928,3341.146409656659,448.21498625478455,3159.804720049461,5195.914578062818,956.8525993369849,4971.639324739454
34,1848.128854441301,504.9187203844246,1810.8560481638522,3328.417669537577,446.86857137506706,3159.364318466261,5176.546523978877,951.7872917594916,4970.220366630113
35,1843.5783323254889,505.516728112561,1809.8774916377113,3319.001301320228,454.21985528344345,3158.9239168830604,5162.579633645717,959.7365833960044,4968.8014085207715
36,1831.4290945629102,511.00515104860364,1808.8989351115704,3295.085804031705,479.6673307874666,3158.4835152998603,5126.514898594615,990.6724818360702,4967.382450411431
37,1809.6146800329154,526.7754967457911,1807.9203785854295,3240.6722082496967,533.6255671812726,3158.0431137166597,5050.286888282612,1060.4010639270637,4965.963492302089
38,1800.7826824294455,535.9609449322112,1806.9418220592886,3210.6423969020593,553.4547727141173,3157.6027121334596,5011.425079331505,1089.4157176463286,4964.544534192748
39,1789.0087686311078,553.7014641404242,1805.9632655331477,3143.5513595234,631.7139010085905,3157.162310550259,4932.560128154508,1185.4153651490146,4963.125576083407
40,1777.0830062454309,566.0327430407694,1804.9847090070068,3121.4647365042983,646.8913074965891,3156.721908967059,4898.547742749729,1212.9240505373587,4961.706617974066
41,1700.1679641407773,638.9560648133165,1804.006152480866,2981.7690669071585,798.0734799293841,3156.2815073838583,4681.937031047935,1437.0295447427006,4960.287659864724
42,1708.4659040731196,645.76338030067,1803.027595954725,2995.790637267721,812.9323789161776,3155.841105800658,4704.256541340841,1458.6957592168476,4958.868701755383
43,1702.5116503893153,640.5810616296078,1802.0490394285844,2983.8910726737263,802.6993784428595,3155.4007042174576,4686.402723063042,1443.2804400724672,4957.449743646042
44,1651.991757958405,591.2331525760654,1801.0704829024435,2907.2359310443276,742.1518680022526,3154.9603026342575,4559.227689002732,1333.385020578318,4956.030785536701
45,1620.4055927191293,542.5770487470631,1800.0919263763026,2859.675214192182,675.483046391853,3154.519901051057,4480.080806911312,1218.060095138916,4954.6118274273595
46,1600.2772834466496,528.8873128439251,1799.1133698501617,2828.454697743335,662.6808702786899,3154.0794994678567,4428.731981189985,1191.568183122615,4953.192869318018
47,1584.0903805213577,526.9601821523404,1798.1348133240208,2800.6327383262956,665.4460621821457,3153.639097884656,4384.7231188476535,1192.406244334486,4951.773911208677
48,1595.4691621120637,527.2514836343261,1797.15625679788,2822.5494747464218,665.0047404436827,3153.198696301456,4418.0186368584855,1192.256224078009,4950.354953099336
49,1621.0040694538818,520.4018488932288,1796.177700271739,2882.215986130952,660.0159942123382,3152.7582947182555,4503.220055584834,1180.417843105567,4948.9359949899945
50,1627.0912973804732,515.843962815583,1795.1991437455981,2903.3654678414655,657.4692178102924,3152.3178931350553,4530.456765221938,1173.3131806258755,4947.517036880654
51,1644.7858670679973,493.8880616406708,1794.2205872194572,2952.5702377970024,614.978082687032,3151.8774915518547,4597.356104865,1108.8661443277028,4946.098078771312
52,1672.1583713494736,473.4203948255271,1793.2420306933163,2988.270466071088,603.5197483214063,3151.4370899686546,4660.428837420562,1076.9401431469335,4944.679120661971
53,1724.1340489907568,391.6632679596397,1792.2634741671757,3078.4514381152585,415.83939979149994,3150.996688385454,4802.5854871060155,807.5026677511396,4943.2601625526295
54,1630.4573622289001,381.55526679564355,1791.2849176410348,2920.051821418896,424.5603394378628,3150.556286802254,4550.509183647796,806.1156062335064,4941.841204443289
55,1574.9295341996076,336.10760895794476,1790.306361114894,2828.2661797081764,381.6991189868135,3150.1158852190533,4403.195713907784,717.8067279447582,4940.422246333947
56,1600.3342005717677,374.74415584981307,1789.327804588753,2862.1614995885498,420.07710543012035,3149.675483635853,4462.495700160318,794.8212612799334,4939.003288224606
57,1612.912479274338,400.3457739841681,1788.349248062612,2877.3152591352828,448.4426598900119,3149.2350820526526,4490.2277384096205,848.78843387418,4937.5843301152645
58,1640.595625929542,426.6746060423277,1787.3706915364712,2917.7459647959986,472.68515463559555,3148.7946804694525,4558.34159072554,899.3597606779233,4936.165372005924
59,1664.2032707839971,429.2760516697382,1786.3921350103303,2953.4088427235893,462.0026603625826,3148.354278886252,4617.612113507586,891.2787120323208,4934.746413896582
60,1652.053524532439,430.95622673504107,1785.4135784841894,2928.6521445793624,470.49163558985646,3147.913877303052,4580.705669111801,901.4478623248975,4933.327455787241
61,1636.815221839741,435.0011743568409,1784.4350219580485,2889.4138801687313,469.6129311521655,3147.473475719851,4526.229102008472,904.6141055090064,4931.9084976779
62,1631.8597093966403,439.4379314917399,1783.4564654319079,2877.822107697939,469.92890965823443,3147.033074136651,4509.681817094579,909.3668411499743,4930.489539568559
63,1629.8422791820303,441.8521037015277,1782.477908905767,2864.2382696561767,477.9186455990928,3146.5926725534505,4494.080548838207,919.7707493006205,4929.0705814592175
64,1591.5149195470601,473.6352297742499,1781.499352379626,2779.3327807580677,535.2621261054009,3146.1522709702504,4370.847700305128,1008.8973558796508,4927.651623349876
65,1604.2008342208728,468.46105544970936,1780.5207958534852,2792.925917422266,530.3934289654103,3145.71186938705,4397.126751643139,998.8544844151197,4926.232665240535
66,1661.9051930473754,452.1803387329828,1779.5422393273443,2881.6063906545255,481.4054045849172,3145.2714678038496,4543.511583701901,933.5857433179001,4924.813707131194
67,1703.3493508753209,463.8758866857357,1778.5636828012034,2944.3230942347595,478.14134941652674,3144.831066220649,4647.67244511008,942.0172361022624,4923.3947490218525
68,1691.5729512234377,450.6776183391098,1777.5851262750625,2922.0597289580487,457.403508825905,3144.390664637449,4613.632680181487,908.0811271650148,4921.975790912511
69,1661.9092771116693,408.11082008546094,1776.6065697489216,2871.405708028779,388.8204110857368,3143.9502630542484,4533.314985140449,796.9312311711977,4920.55683280317
70,1636.8530172499695,383.65378720626865,1775.6280132227807,2828.189126946669,353.03147120224855,3143.509861471048,4465.042144196639,736.6852584085173,4919.137874693829
71,1611.9370292128215,379.2568819813425,1774.6494566966398,2786.3652020912796,358.74932916254386,3143.0694598878476,4398.302231304101,738.0062111438863,4917.7189165844875
72,1607.5280578506927,380.5385754147596,1773.6709001704992,2778.4485283801982,363.0769299060697,3142.6290583046475,4385.9765862308905,743.6155053208292,4916.299958475147
73,1587.7654753128184,394.7195713224501,1772.6923436443583,2745.4746365845917,387.30481590725805,3142.188656721447,4333.24011189741,782.0243872297082,4914.881000365805
74,1587.8347321546178,394.6539039968512,1771.7137871182174,2728.0714551305623,389.09490525494465,3141.748255138247,4315.90618728518,783.7488092517958,4913.462042256464
75,1558.944100429224,440.0171135163259,1770.7352305920765,2653.574216807051,494.7919346259337,3141.307853555046,4212.518317236275,934.8090481422596,4912.0430841471225
76,1540.6475916851878,466.5936118707241,1769.7566740659356,2631.248665770177,529.919511920751,3140.867451971846,4171.896257455364,996.5131237914751,4910.624126037782
77,1530.8231851226765,468.96337620873356,1768.7781175397947,2621.183501136882,530.1049255968995,3140.4270503886455,4152.006686259559,999.0683018056332,4909.2051679284405
78,1540.9105078754426,476.9415083954973,1767.7995610136538,2640.6540284546577,550.8475946602589,3139.9866488054454,4181.5645363301,1027.7891030557562,4907.786209819099
79,1576.7522424889469,528.0658457368063,1766.821004487513,2698.742584555211,642.653105207555,3139.546247222245,4275.494827044158,1170.7189509443613,4906.3672517097575
80,1574.4491161422393,525.6621463178717,1765.842447961372,2698.486484076527,642.4397979278294,3139.1058456390447,4272.935600218767,1168.1019442457011,4904.948293600417
81,1578.0744609865158,529.5131124287353,1764.8638914352314,2705.4362325253637,647.8842197135082,3138.665444055844,4283.510693511879,1177.3973321422436,4903.5293354910755
82,1597.8470964529752,544.8304692471603,1763.8853349090905,2739.29800116691,667.3722450011111,3138.2250424726435,4337.145097619885,1212.2027142482714,4902.110377381734
83,1617.955549251381,546.8552887758909,1762.9067783829496,2775.131631091836,665.5153996321918,3137.7846408894434,4393.0871803432165,1212.3706884080827,4900.691419272393
84,1631.0182920644477,545.1023133500446,1761.9282218568087,2797.1486243041095,661.6526356042078,3137.344239306243,4428.166916368557,1206.7549489542525,4899.272461163052
85,1658.6933039679964,530.8065652257594,1760.9496653306678,2844.4642530508736,643.6390475009839,3136.9038377230427,4503.15755701887,1174.4456127267433,4897.8535030537105
86,1643.8936473592573,545.277905259232,1759.971108804527,2809.680250317216,667.1689239244397,3136.463436139842,4453.573897676473,1212.4468291836718,4896.434544944369
87,1669.7648097499323,508.10147060252973,1758.992552278386,2874.6553843862307,580.1204662161068,3136.023034556642,4544.4201941361625,1088.2219368186366,4895.015586835028
88,1711.6073159998741,450.6631749043456,1758.0139957522451,2951.471691059838,470.4643246696623,3135.5826329734414,4663.079007059712,921.127499574008,4893.596628725687
89,1729.5792671937531,440.62935013641936,1757.0354392261042,2979.499905378049,455.86488153223587,3135.1422313902412,4709.079172571802,896.4942316686552,4892.1776706163455
90,1698.7897132757316,435.60240333406904,1756.0568826999634,2924.3904837950467,450.889780056855,3134.7018298070407,4623.180197070778,886.4921833909241,4890.758712507004
91,1643.5095861259836,368.53242249454024,1755.0783261738227,2834.058995782251,325.1422647656348,3134.2614282238405,4477.568581908235,693.674687260175,4889.3397543976635
92,1677.0207401519503,423.72771172167523,1754.0997696476818,2878.6344476771155,403.8241708057063,3133.82102664064,4555.655187829066,827.5518825273815,4887.920796288322
93,1679.166050564855,426.2175128229989,1753.121213121541,2878.8133401321343,403.9886784668171,3133.38062505744,4557.979390696989,830.2061912898159,4886.5018381789805
94,1652.7566229301467,407.31421606573304,1752.1426565954,2835.663898760547,383.39682893423173,3132.9402234742392,4488.420521690694,790.7110449999648,4885.08288006964
95,1670.020893102067,416.77139355982877,1751.1641000692591,2863.9790224352305,401.98218095317947,3132.499821891039,4533.999915537297,818.7535745130083,4883.6639219602985
96,1681.464026480394,417.38901817608473,1750.1855435431182,2886.7898349901134,405.5582996306746,3132.0594203078385,4568.253861470507,822.9473178067593,4882.244963850957
97,1681.807056192815,417.2685541305307,1749.2069870169773,2895.3887824641383,405.9129730282563,3131.6190187246384,4577.195838656953,823.181527158787,4880.8260057416155
98,1698.1476877269106,394.91411255906934,1748.2284304908364,2935.69743370088,352.9355044987195,3131.178617141438,4633.84512142779,747.8496170577889,4879.407047632275
99,1707.8832131038089,380.1067004897929,1747.2498739646956,2951.732491375735,331.8132140883039,3130.7382155582377,4659.615704479544,711.9199145780967,4877.9880895229335
100,1737.253527519552,359.23799958775487,1746.271317438555,3001.9220502987023,323.9159096583614,3130.297813975037,4739.175577818254,683.1539092461162,4876.569131413592
101,1727.624751380719,364.8389369154549,1745.292760912414,2984.981398348087,334.3487763375753,3129.857412391837,4712.6061497288065,699.1877132530302,4875.1501733042505
102,1756.9343619702165,367.60450097057986,1744.314204386273,3037.346585224846,328.8604955673092,3129.4170108086364,4794.280947195062,696.4649965378891,4873.73121519491
103,1786.5351426208126,385.92269992967067,1743.3356478601322,3083.31669671161,341.5957369809952,3128.9766092254363,4869.851839332423,727.5184369106659,4872.3122570855685
104,1802.7174935441044,418.7531132025612,1742.3570913339913,3113.0193836899684,408.67659022666413,3128.5362076422357,4915.736877234072,827.4297034292254,4870.893298976227
105,1833.4540432944389,457.3793845901504,1741.3785348078504,3161.795292817398,454.60839194065335,3128.0958060590356,4995.249336111837,911.9877765308038,4869.4743408668855
106,1867.972696683759,469.46225556461206,1740.3999782817095,3218.7171812164474,446.71363805605466,3127.655404475835,5086.689877900207,916.1758936206668,4868.055382757545
107,1856.1376357102981,468.00737664806275,1739.4214217555686,3200.531753037138,448.3906910412911,3127.215002892635,5056.669388747436,916.3980676893539,4866.6364246482035
108,1849.833182114944,469.6734436498487,1738.4428652294278,3186.556951994889,454.63794391967906,3126.7746013094343,5036.3901341098335,924.3113875695278,4865.217466538862
109,1859.602765451559,464.2555592862098,1737.4643087032869,3201.76092192579,449.81285093715854,3126.334199726234,5061.363687377349,914.0684102233683,4863.7985084295215
110,1871.197698845989,449.96569318088086,1736.4857521771462,3219.8471968149647,431.6093793234447,3125.8937981430336,5091.044895660953,881.5750725043256,4862.37955032018
111,1868.6149287788596,454.04189207710846,1735.5071956510053,3219.396267164817,432.2706227419214,3125.4533965598334,5088.011195943676,886.3125148190298,4860.9605922108385
112,1833.5862848094296,485.73528540493237,1734.5286391248644,3151.2298281126155,486.8467104004068,3125.012994976633,4984.816112922045,972.5819958053391,4859.541634101497
113,1843.5709446672251,479.22486578008926,1733.5500825987235,3169.7362597922097,472.9511552554351,3124.5725933934327,5013.307204459435,952.1760210355244,4858.1226759921565
114,1846.5122444010037,479.9932870798046,1732.5715260725826,3174.4332176259654,474.40579457507897,3124.132191810232,5020.945462026969,954.3990816548835,4856.703717882815
115,1884.3473992776146,521.1181012241598,1731.5929695464417,3237.6344274364533,548.7984747320868,3123.691790227032,5121.981826714068,1069.9165759562466,4855.2847597734735
116,1871.424631658743,502.1095035976778,1730.6144130203008,3220.495857603995,523.4907734630442,3123.2513886438314,5091.920489262738,1025.600277060722,4853.865801664132
117,1889.233387698326,529.0361808324185,1729.63585649416,3251.1039656227344,567.503019247465,3122.8109870606313,5140.337353321061,1096.5392000798834,4852.4468435547915
118,1919.742466503206,557.048803879611,1728.657299968019,3300.6599938947984,608.8494757809563,3122.3705854774307,5220.402460398004,1165.8982796605674,4851.02788544545
119,1940.974669537246,558.7879991658516,1727.6787434418784,3339.0152714624624,606.9271224529542,3121.9301838942306,5279.989940999709,1165.7151216188058,4849.6089273361085
120,1972.059501508109,554.3899586111625,1726.7001869157375,3403.7567951776023,598.8641789273041,3121.48978231103,5375.816296685711,1153.2541375384667,4848.189969226768
121,1986.005257019807,548.2944306833311,1725.7216303895966,3443.541373453383,595.9956271425118,3121.04938072783,5429.54663047319,1144.290057825843,4846.7710111174265
122,2004.8201318634826,530.472869360126,1724.7430738634557,3487.9541976030046,571.3792692274467,3120.6089791446293,5492.774329466487,1101.8521385875727,4845.352053008085
123,2035.4875593378647,488.6382463388618,1723.7645173373148,3542.7538823702075,510.2762191804804,3120.168577561429,5578.241441708073,998.9144655193422,4843.933094898744
124,2078.1145582132995,434.59372938606117,1722.785960811174,3642.165053318045,378.8811730920837,3119.7281759782286,5720.279611531345,813.4749024781449,4842.514136789403
125,2132.4790876458546,409.4454474199238,1721.807404285033,3743.9610028624143,329.7223230296169,3119.2877743950285,5876.440090508269,739.1677704495407,4841.0951786800615
126,2163.406028417697,411.3751264007367,1720.8288477588922,3805.2272528668364,318.37217836291893,3118.847372811828,5968.633281284534,729.7473047636556,4839.67622057072
127,2157.509908235887,405.0096876294124,1719.8502912327513,3808.7350073246703,322.7655206385362,3118.4069712286278,5966.244915560557,727.7752082679485,4838.257262461379
128,2192.1397236864123,452.3372807513494,1718.8717347066104,3870.0887637462997,398.7280712174199,3117.966569645427,6062.228487432712,851.0653519687693,4836.838304352038
129,2177.184403635369,435.75582572888203,1717.8931781804697,3857.6297755829655,390.35281211408403,3117.526168062227,6034.814179218334,826.1086378429661,4835.4193462426965
130,2173.0251291257655,432.05490195361824,1716.9146216543288,3857.4754354101715,390.27156083840464,3117.0857664790265,6030.500564535937,822.3264627920229,4834.000388133355
131,2167.567563664033,433.31105079926255,1715.936065128188,3848.5050990271006,399.0745490264504,3116.6453648958263,6016.072662691134,832.3855998257129,4832.5814300240145
132,2156.361872005525,437.5552459591792,1714.957508602047,3827.696643227869,413.3259943654379,3116.2049633126258,5984.058515233394,850.8812403246171,4831.162471914673
133,2141.059838874245,451.96417957597805,1713.9789520759061,3794.46333358409,443.66661910209854,3115.7645617294256,5935.5231724583355,895.6307986780766,4829.7435138053315
134,2129.8981487430315,466.6674226316059,1713.0003955497652,3795.212771823728,443.02149907340976,3115.324160146225,5925.11092056676,909.6889217050157,4828.32455569599
135,2125.0176330831005,473.39262401724454,1712.0218390236244,3815.196157647189,422.5106597286138,3114.883758563025,5940.2137907302895,895.9032837458583,4826.9055975866495
136,2092.358963204981,511.67432248900445,1711.0432824974835,3750.203986742341,502.7729561931136,3114.4433569798243,5842.562949947322,1014.447278682118,4825.486639477308
137,2063.7414992927716,512.4283315941069,1710.0647259713426,3698.7067018719104,492.4967974016536,3114.002955396624,5762.448201164681,1004.9251289957606,4824.0676813679665
138,2021.6196206638604,507.16514344945045,1709.086169445202,3628.80127074469,492.64265171566154,3113.5625538134236,5650.42089140855,999.807795165112,4822.648723258625
139,2009.3577033377733,495.5056555435749,1708.107612919061,3606.0657173427185,470.17760438382396,3113.1221522302235,5615.423420680492,965.6832599273989,4821.2297651492845
140,1939.75467409492,406.57526609333974,1707.1290563929201,3498.507743389117,350.50999763730215,3112.681750647023,5438.262417484037,757.0852637306418,4819.810807039943
141,1904.330158219481,365.0099190378709,1706.1504998667792,3441.907035065576,308.50917376544265,3112.241349063823,5346.237193285057,673.5190928033135,4818.391848930602
142,1831.547162943468,315.4661981531164,1705.1719433406383,3325.6878364968034,315.58887061687676,3111.800947480622,5157.234999440271,631.0550687699931,4816.972890821261
143,1776.3999201564632,331.97277919408015,1704.1933868144974,3239.019813696336,409.00455857002737,3111.360545897422,5015.419733852799,740.9773377641075,4815.5539327119195
144,1728.8510075282384,347.1123332996739,1703.2148302883566,3157.6072813673254,456.3708000280362,3110.9201443142215,4886.458288895564,803.48313332771,4814.134974602578
145,1709.4857691176105,357.94838416176196,1702.2362737622157,3118.7854950904643,469.0106799026066,3110.4797427310214,4828.271264208075,826.9590640643686,4812.716016493237
146,1690.0477325949578,376.62712925071907,1701.2577172360748,3051.9704856393196,478.678912435312,3110.039341147821,4742.018218234278,855.306041686031,4811.297058383896
147,1667.4401859240527,397.87162796043776,1700.2791607099339,2983.9683403578492,470.8102363340206,3109.5989395646207,4651.408526281902,868.6818642944584,4809.8781002745545
148,1631.3526055086368,443.38729862679656,1699.300604183793,2902.7090888735797,566.3173931441976,3109.15853798142,4534.061694382217,1009.7046917709941,4808.459142165213
149,1579.2437919899758,446.32707283055765,1698.3220476576523,2804.224264672148,553.939662684574,3108.71813639822,4383.468056662124,1000.2667355151317,4807.040184055872
150,1565.795499852563,440.2461951757493,1697.3434911315114,2774.4319911669318,538.9348504681484,3108.2777348150194,4340.227491019495,979.1810456438977,4805.621225946531
151,1531.0292569343258,384.464798779801,1696.3649346053705,2715.905778965141,435.59342786470876,3107.8373332318192,4246.935035899467,820.0582266445098,4804.2022678371895
152,1500.7639295610716,348.47936861570076,1695.3863780792296,2670.4005033874446,391.8971672912524,3107.3969316486186,4171.164432948516,740.3765359069532,4802.783309727848
153,1449.1872456560222,287.1825614455694,1694.4078215530888,2590.9368789185373,333.2324015645978,3106.9565300654185,4040.1241245745596,620.4149630101672,4801.3643516185075
154,1448.541141981712,286.70948520896184,1693.4292650269479,2595.3249432886873,334.55542517814894,3106.516128482218,4043.8660852703993,621.2649103871108,4799.945393509166
155,1437.5845791863385,291.7330458210692,1692.450708500807,2573.986519195944,355.6311276577747,3106.075726899018,4011.5710983822823,647.3641734788439,4798.526435399825
156,1424.0725507114178,298.72089792430864,1691.472151974666,2547.097273023675,375.04551158347414,3105.635325315817,3971.169823735093,673.7664095077828,4797.107477290483
157,1406.9013041942565,305.13605009554857,1690.4935954485254,2507.137838303344,376.34893202116996,3105.194923732617,3914.0391424976006,681.4849821167186,4795.6885191811425
158,1393.5046314028632,315.9377561475221,1689.5150389223845,2471.808574418823,384.29379947445767,3104.7545221494165,3865.313205821686,700.2315556219799,4794.269561071801
159,1377.512542704779,330.8841602588048,1688.5364823962436,2434.973086970303,385.20461079729887,3104.314120566216,3812.4856296750822,716.0887710561037,4792.85060296246
160,1404.4373639859239,303.1029141298445,1687.5579258701027,2499.568930517715,343.844630192399,3103.873718983016,3904.006294503639,646.9475443222435,4791.431644853118
161,1435.1854279068527,306.3545370890596,1686.5793693439618,2565.198743964415,379.12995175318997,3103.4333173998157,4000.3841718712674,685.4844888422496,4790.0126867437775
162,1449.956752856763,322.25481012853254,1685.600812817821,2601.0718951553204,425.31895275246626,3102.992915816615,4051.028648012083,747.5737628809989,4788.593728634436
163,1468.2246094195007,357.3057247594538,1684.62225629168,2637.5875493961034,493.23023268852285,3102.5525142334145,4105.812158815605,850.5359574479767,4787.174770525095
164,1492.0318464731201,385.0620255298686,1683.6436997655392,2679.1326618085236,526.5018889222891,3102.1121126502144,4171.164508281644,911.5639144521577,4785.755812415753
165,1521.073348479032,400.65553845932044,1682.6651432393983,2727.539033481083,527.2971338459007,3101.671711067014,4248.612381960115,927.9526723052211,4784.3368543064125
166,1515.505468658769,399.21611674220895,1681.6865867132574,2717.923510217998,528.3954882067421,3101.2313094838137,4233.428978876766,927.611604948951,4782.917896197071
167,1524.4385647766612,394.2249816405408,1680.7080301871165,2739.1614669225946,508.5142937088107,3100.790907900613,4263.600031699256,902.7392753493516,4781.49893808773
168,1536.8050700424792,386.0038146249742,1679.7294736609758,2766.968045101977,483.2354444073641,3100.350506317413,4303.773115144457,869.2392590323384,4780.079979978389
169,1542.2203690522917,381.66744160986633,1678.750917134835,2783.9874631409843,468.99931518936296,3099.9101047342124,4326.207832193276,850.6667567992292,4778.6610218690475
170,1543.135866628906,380.5438119250825,1677.772360608694,2796.5476791771757,454.7790566188933,3099.4697031510123,4339.683545806081,835.3228685439758,4777.242063759706
171,1553.4030247759176,366.8232304460759,1676.7938040825532,2815.798932610976,434.52556313687717,3099.0293015678117,4369.201957386894,801.348793582953,4775.823105650365
172,1546.2073850053082,373.9632774036267,1675.8152475564123,2802.388805419922,442.7225206947491,3098.5888999846115,4348.59619042523,816.6857980983758,4774.404147541024
173,1555.1931295428174,377.3060487227609,1674.8366910302714,2829.9730878386654,471.0875964613147,3098.148498401411,4385.166217381483,848.3936451840757,4772.985189431683
174,1569.108031362244,391.4556578490159,1673.8581345041305,2856.7006048082544,505.74320925804244,3097.708096818211,4425.808636170498,897.1988671070583,4771.566231322341
175,1550.3673508468712,364.2533791920394,1672.8795779779896,2833.132562058967,471.6845207091527,3097.2676952350103,4383.499912905838,835.9378999011922,4770.147273213
176,1561.8016103328534,381.67459825865745,1671.901021451849,2856.956426609277,501.73226472971425,3096.82729365181,4418.75803694213,883.4068629883717,4768.728315103659
177,1582.7059982661913,405.3108230147655,1670.922464925708,2895.155324473441,528.1097036733923,3096.3868920686095,4477.861322739633,933.4205266881579,4767.309356994318
178,1606.24531336787,413.0788227364976,1669.9439083995671,2934.8738547984394,522.6696789137919,3095.9464904854094,4541.1191681663095,935.7485016502895,4765.890398884976
179,1615.5459662221074,408.4785550570485,1668.9653518734262,2951.18234841848,507.64702140647,3095.506088902209,4566.728314640588,916.1255764635184,4764.4714407756355
180,1613.3931098535484,409.96165489365444,1667.9867953472854,2943.67670049857,515.3268534479906,3095.0656873190087,4557.069810352118,925.2885083416451,4763.052482666294
181,1610.984630162421,412.0828582696486,1667.0082388211445,2943.45820667668,515.52419996357,3094.625285735808,4554.442836839101,927.6070582332186,4761.633524556953
182,1611.8538080961496,410.972369609798,1666.0296822950036,2944.2239283075864,514.6373606832808,3094.184884152608,4556.077736403736,925.6097302930789,4760.214566447611
183,1605.5944808943939,419.0531694077469,1665.0511257688627,2941.657665761435,517.146750000099,3093.7444825694074,4547.252146655829,936.199919407846,4758.7956083382705
184,1620.1193577399226,405.43149092515495,1664.0725692427218,2973.3585592492145,497.98635948950823,3093.3040809862073,4593.477916989137,903.4178504146632,4757.376650228929
185,1586.1503192340754,410.64252997865185,1663.094012716581,2908.56069642349,481.88018772341843,3092.8636794030067,4494.711015657565,892.5227177020703,4755.957692119588
186,1586.9971823375545,411.5798254990318,1662.11545619044,2908.9800112242033,482.5156323593918,3092.4232778198066,4495.977193561757,894.0954578584236,4754.538734010246
187,1594.4108503131035,419.5989765310679,1661.1368996642993,2916.6299817888917,491.0468122073996,3091.982876236606,4511.040832101995,910.6457887384674,4753.119775900906
188,1592.615022751071,417.0720264643705,1660.1583431381584,2909.950860363638,482.1456216723795,3091.542474653406,4502.565883114709,899.21764813675,4751.700817791564
189,1559.002187325814,386.52855350245204,1659.1797866120176,2853.160657078153,453.1811956363093,3091.1020730702053,4412.162844403967,839.7097491387614,4750.281859682223
190,1523.254254256596,375.7299166604235,1658.2012300858767,2793.697626838269,465.9699507264312,3090.661671487005,4316.951881094865,841.6998673868547,4748.862901572882
191,1502.4967188595708,385.21737082601237,1657.2226735597358,2758.4118073183113,496.8592411927609,3090.2212699038046,4260.908526177882,882.0766120187733,4747.443943463541
192,1487.7205544115943,395.21881776087423,1656.2441170335949,2732.0990487223335,523.8795582235498,3089.7808683206044,4219.819603133928,919.098375984424,4746.024985354199
193,1479.8013649420445,401.0968795473895,1655.265560507454,2712.9662946499816,536.8880591424054,3089.340466737404,4192.767659592026,937.984938689795,4744.606027244858
194,1485.3366644529935,396.11849214159986,1654.287003981313,2721.4731639804927,531.884788918258,3088.9000651542037,4206.8098284334865,928.0032810598578,4743.187069135517
195,1488.0845281209795,393.09046379003195,1653.3084474551724,2726.8516963299317,529.1595744039328,3088.459663571003,4214.936224450911,922.2500381939647,4741.768111026176
196,1474.5523049306641,401.5746900103703,1652.3298909290315,2709.9034847348503,528.4907975288784,3088.019261987803,4184.455789665514,930.0654875392487,4740.349152916834
197,1498.36923350675,401.16918453093984,1651.3513344028906,2758.1134879692618,549.0010681973143,3087.5788604046024,4256.482721476012,950.1702527282541,4738.930194807493
198,1490.3662189232518,390.9797697125154,1650.3727778767498,2748.569619966778,534.3521499484918,3087.1384588214023,4238.93583889003,925.3319196610073,4737.511236698152
199,1515.7786191720043,436.0924631988951,1649.3942213506089,2794.8608291662017,615.481462234663,3086.6980572382017,4310.639448338206,1051.573925433558,4736.092278588811
200,1515.0357801784633,434.9812441787173,1648.415664824468,2798.1027124527195,619.3913742872884,3086.2576556550016,4313.138492631183,1054.3726184660056,4734.673320479469
201,1534.121221591063,449.1921688114063,1647.437108298327,2834.937075948174,630.2281527841375,3085.817254071801,4369.058297539237,1079.4203215955438,4733.254362370128
202,1557.7884095578172,451.1804098762252,1646.4585517721862,2882.5460067497183,614.5253210421855,3085.376852488601,4440.334416307535,1065.7057309184106,4731.835404260787
203,1597.5882150675882,440.064646420542,1645.4799952460453,2954.7891580001997,572.8731595893389,3084.9364509054003,4552.377373067788,1012.9378060098809,4730.416446151446
204,1630.603210856485,419.02971825390154,1644.5014387199044,3021.4612953712253,508.137440780417,3084.4960493222,4652.064506227711,927.1671590343185,4728.997488042104
205,1654.0422903805993,398.3264411095036,1643.5228821937635,3078.693863603332,453.4316944989564,3084.0556477389996,4732.736153983931,851.75813560846,4727.578529932764
206,1665.0303535073836,386.10244713082955,1642.5443256676228,3105.22248675359,424.49419619534206,3083.6152461557995,4770.252840260973,810.5966433261716,4726.159571823422
207,1676.350174215064,370.10299917512583,1641.565769141482,3134.1929676376453,391.97372998358367,3083.174844572599,4810.54314185271,762.0767291587094,4724.740613714081
208,1693.3779886621599,349.6782876458799,1640.587212615341,3173.8833088966326,362.6962377785333,3082.7344429893988,4867.261297558793,712.3745254244132,4723.321655604739
209,1696.2485035470565,349.2259939651073,1639.6086560892002,3177.7624515887123,363.7633672358259,3082.294041406198,4874.010955135769,712.9893612009332,4721.902697495399
210,1662.4151965492026,342.5452456017038,1638.6300995630593,3125.71483101607,354.564943712739,3081.853639822998,4788.130027565273,697.1101893144428,4720.483739386057
211,1644.3313407733822,307.6223912251623,1637.6515430369184,3101.8614541368047,295.87831264112134,3081.4132382397975,4746.192794910186,603.5007038662836,4719.064781276716
212,1618.8534333071946,274.53514906126406,1636.6729865107775,3066.8029520585205,262.48564363795526,3080.9728366565973,4685.656385365715,537.0207926992193,4717.645823167375
213,1592.7929929758777,254.22122738601774,1635.6944299846366,3027.3446998322165,271.7151655330682,3080.5324350733968,4620.1376928080945,525.936392919086,4716.226865058034
214,1578.814640143919,251.11743451299682,1634.715873458496,3006.050467301808,287.35780094369983,3080.0920334901966,4584.865107445727,538.4752354566966,4714.807906948692
215,1545.4325870806597,260.3062193581367,1633.737316932355,2950.767496128512,340.25772862180077,3079.651631906996,4496.200083209172,600.5639479799374,4713.388948839351
216,1517.262946393088,277.2693895817729,1632.7587604062142,2905.8137980496417,381.92130659599974,3079.211230323796,4423.076744442729,659.1906961777727,4711.96999073001
217,1515.909127805232,277.7705299415926,1631.7802038800733,2902.4080173688603,381.83774498149876,3078.7708287405953,4418.317145174093,659.6082749230914,4710.551032620669
218,1507.3751245921105,286.0562609349073,1630.8016473539324,2894.307826792616,385.5249400258408,3078.330427157395,4401.682951384727,671.5812009607481,4709.132074511327
219,1509.3954465668978,283.9860097624221,1629.8230908277915,2911.3345210791917,387.05053531185223,3077.8900255741946,4420.72996764609,671.0365450742743,4707.713116401986
220,1496.1663023640403,294.36213818368884,1628.8445343016506,2893.1878911970975,382.20523220433483,3077.4496239909945,4389.354193561137,676.5673703880236,4706.294158292645
221,1467.039520665882,294.3016559401406,1627.8659777755097,2847.207919927418,363.3404264907277,3077.009222407794,4314.2474405933,657.6420824308683,4704.875200183304
222,1456.2444583318254,293.6326376066215,1626.8874212493688,2832.068739003698,364.48633123992704,3076.568820824594,4288.313197335523,658.1189688465486,4703.456242073962
223,1380.0664577883774,202.24722343354222,1625.908864723228,2707.6892146985606,263.6325043944177,3076.128419241393,4087.7556724869382,465.8797278279599,4702.037283964621
224,1390.9823154187807,229.39316145085144,1624.930308197087,2727.0748108242215,300.6545308491748,3075.688017658193,4118.057126243002,530.0476923000263,4700.61832585528
225,1387.630938554554,225.76868018980133,1623.9517516709464,2730.508096452305,301.1070390174117,3075.2476160749925,4118.139035006859,526.875719207213,4699.199367745939
226,1400.7239546646524,239.4148204160408,1622.9731951448055,2757.0199867401784,309.6920261390955,3074.8072144917924,4157.743941404831,549.1068465551364,4697.780409636597
227,1399.635069028958,239.9385044729209,1621.9946386186646,2755.2132041978016,312.1357910690905,3074.366812908592,4154.848273226759,552.0742955420114,4696.361451527257
228,1400.7094305448852,239.07161141595753,1621.0160820925237,2751.1751718107153,317.9486965924291,3073.9264113253917,4151.884602355601,557.0203080083866,4694.942493417915
229,1375.9315771289685,252.30853359350147,1620.0375255663828,2693.654317985354,348.08831887011803,3073.486009742191,4069.5858951143223,600.3968524636196,4693.523535308574
230,1365.8314801924562,261.92310625510305,1619.058969040242,2665.9417938831843,361.4434478752694,3073.045608158991,4031.7732740756405,623.3665541303724,4692.104577199232
231,1345.690518133074,280.35737794553586,1618.080412514101,2612.8716421101044,349.231708066692,3072.6052065757904,3958.5621602431784,629.5890860122279,4690.685619089892
232,1336.704612821021,286.64957012837107,1617.10185598796,2588.410302414522,338.65821625675903,3072.1648049925902,3925.114915235543,625.3077863851302,4689.26666098055
233,1367.665393358315,301.49786887232614,1616.1232994618194,2639.0184200453796,398.673552047269,3071.7244034093897,4006.6838134036943,700.1714209195952,4687.847702871209
234,1369.8633291819817,301.93141256019646,1615.1447429356786,2638.0376579525414,398.48446231683187,3071.2840018261895,4007.9009871345233,700.4158748770283,4686.428744761868
235,1432.0891783677253,346.26403626490253,1614.1661864095377,2742.8490938890304,451.8979599285816,3070.843600242989,4174.938272256755,798.1619961934841,4685.009786652527
236,1427.1880458470685,338.6982261827884,1613.1876298833968,2736.494876305542,443.4565487612968,3070.403198659789,4163.68292215261,782.1547749440851,4683.590828543185
237,1449.7029921601863,358.837598063945,1612.2090733572559,2771.214083554804,462.128259455099,3069.9627970765882,4220.9170757149905,820.965857519044,4682.171870433844
238,1440.1754934168441,353.13562879462563,1611.230516831115,2754.80572275813,457.12073755513956,3069.522395493388,4194.981216174974,810.2563663497651,4680.752912324503
239,1445.3908926024799,351.1641928712532,1610.251960304974,2766.9651847812197,447.3558222572599,3069.0819939101875,4212.3560773837,798.520015128513,4679.333954215162
240,1446.1276343444297,350.68557571108266,1609.2734037788332,2772.3067637590298,441.80330280468104,3068.641592326987,4218.43439810346,792.4888785157636,4677.91499610582
241,1465.96452452783,337.50549641447293,1608.2948472526923,2820.3964210409663,407.251421077278,3068.201190743787,4286.3609455687965,744.756917491751,4676.496037996479
242,1493.1955230075982,316.6354754518015,1607.3162907265514,2892.151594436826,392.32056855727484,3067.7607891605867,4385.347117444424,708.9560440090763,4675.077079887138
243,1492.2103980713875,318.2240129230114,1606.3377342004105,2906.7043880575256,376.8298794098805,3067.320387577386,4398.914786128913,695.0538923328919,4673.658121777797
244,1492.3471353041602,318.05093300871323,1605.3591776742699,2909.643965006823,374.57656883006405,3066.8799859941855,4401.991100310983,692.6275018387773,4672.239163668455
245,1488.250209108665,315.9299985277729,1604.380621148129,2920.3359572867525,388.68900682126025,3066.4395844109854,4408.586166395417,704.6190053490332,4670.820205559114
246,1526.7166112655975,335.39346321184695,1603.402064621988,2999.063459307657,431.34493453618427,3065.999182827785,4525.780070573254,766.7383977480313,4669.401247449773
247,1515.722582973275,321.39798832738575,1602.4235080958472,2993.703836181385,424.9928503482168,3065.5587812445847,4509.42641915466,746.3908386756025,4667.982289340432
248,1522.1596877858547,330.26049482024007,1601.4449515697063,3015.9273543548484,446.65423888423356,3065.118379661384,4538.0870421407035,776.9147337044736,4666.56333123109
249,1496.2748831228928,312.4612650857142,1600.4663950435654,2976.704354647541,448.9295305240927,3064.677978078184,4472.979237770434,761.3907956098069,4665.14437312175
250,1480.3289123043835,311.60039058998325,1599.4878385174245,2952.3555651750635,465.2194777869936,3064.2375764949834,4432.684477479447,776.8198683769768,4663.725415012408
251,1481.7990111659726,310.98040124927064,1598.5092819912836,2959.203132621767,458.63721368238714,3063.7971749117833,4441.002143787739,769.6176149316577,4662.306456903067
252,1501.5216335509883,301.24383974779624,1597.530725465143,3002.251290818371,421.1683339868579,3063.3567733285827,4503.772924369359,722.4121737346541,4660.887498793725
253,1518.1167187118833,297.70810394507936,1596.552168939002,3033.0097390062124,417.264360243039,3062.9163717453825,4551.1264577180955,714.9724641881184,4659.468540684385
254,1510.4310792897722,302.0163653083073,1595.5736124128612,3017.201376853958,414.0826476820038,3062.475970162182,4527.63245614373,716.0990129903112,4658.049582575043
255,1514.2918915456964,295.3690993454076,1594.5950558867203,3012.677264524956,419.1290308713762,3062.035568578982,4526.969156070652,714.4981302167838,4656.630624465702
256,1518.9086576595025,289.0733418669794,1593.6164993605794,3009.51394265117,422.0791523621473,3061.5951669957813,4528.422600310672,711.1524942291267,4655.21166635636
257,1514.0511919734054,287.65508672470503,1592.6379428344385,2984.760283416345,401.81688386936713,3061.154765412581,4498.81147538975,689.4719705940722,4653.79270824702
258,1534.1477044100423,320.6611033600823,1591.6593863082976,3015.662617967005,461.8841650014068,3060.7143638293805,4549.810322377048,782.5452683614891,4652.373750137678
259,1536.4783269432658,323.2092055350831,1590.6808297821567,3012.2461025752273,458.6386340630214,3060.2739622461804,4548.724429518493,781.8478395981044,4650.954792028337
260,1554.0608100200277,352.6770855801775,1589.7022732560158,3034.017862655995,489.4316758020656,3059.83356066298,4588.0786726760225,842.1087613822431,4649.535833918995
261,1586.6427167760194,370.6961045189055,1588.723716729875,3083.377671702847,486.64660311866686,3059.3931590797797,4670.020388478866,857.3427076375724,4648.116875809655
262,1610.470716000664,367.71979513422616,1587.745160203734,3118.4822034936587,458.5954404161712,3058.952757496579,4728.9529194943225,826.3152355503973,4646.697917700313
263,1637.0089073317286,359.99535691206705,1586.7666036775931,3155.6459868385805,428.32125383553495,3058.512355913379,4792.6548941703095,788.316610747602,4645.278959590972
264,1621.8893440897707,370.80702124135024,1585.7880471514525,3115.360156145392,474.8097004253883,3058.0719543301784,4737.2495002351625,845.6167216667386,4643.860001481631
265,1607.9205164678713,376.5316201267307,1584.8094906253116,3078.9196764195826,487.4438716797969,3057.6315527469783,4686.840192887454,863.9754918065275,4642.44104337229
266,1589.9420381874354,395.47558173518996,1583.8309340991707,3014.1062176623855,540.5887987201721,3057.1911511637777,4604.048255849821,936.0643804553621,4641.022085262948
267,1604.5433406267023,377.0133760168057,1582.8523775730298,3037.6629175360413,524.6018947554875,3056.7507495805776,4642.206258162743,901.6152707722931,4639.603127153607
268,1604.3905008781528,377.19964078876797,1581.873821046889,3038.5136006272023,523.8990780549622,3056.310347997377,4642.904101505355,901.0987188437301,4638.184169044266
269,1607.2141127554423,377.0698866670148,1580.895264520748,3041.842347819312,524.9502905549086,3055.869946414177,4649.056460574755,902.0201772219234,4636.765210934925
270,1565.7896815322283,341.4193430895758,1579.9167079946071,2966.107841167625,435.5922771909687,3055.4295448309763,4531.897522699854,777.0116202805445,4635.346252825583
271,1565.6077600051633,341.241071132372,1578.9381514684665,2961.0222763135203,430.464723699409,3054.989143247776,4526.630036318684,771.705794831781,4633.927294716243
272,1522.695937174656,284.22418715702975,1577.9595949423256,2884.7659723096945,342.95333145281353,3054.5487416645756,4407.46190948435,627.1775186098432,4632.508336606901
273,1516.8220085442981,275.602217712893,1576.9810384161847,2872.0684662890003,328.8644512751544,3054.1083400813754,4388.890474833299,604.4666689880473,4631.08937849756
274,1508.4568181532684,271.54836950229304,1576.0024818900438,2852.9341818910957,331.3805261220861,3053.667938498175,4361.391000044364,602.9288956243792,4629.670420388218
275,1493.315920089568,266.74816300813524,1575.023925363903,2827.0325164407336,331.11423549219614,3053.2275369149747,4320.348436530301,597.8623985003314,4628.251462278878
276,1514.9258743242326,258.7690078449865,1574.045368837762,2859.950875437613,302.72841882789334,3052.787135331774,4374.8767497618455,561.4974266728798,4626.832504169536
277,1524.7033230216487,255.60630507506536,1573.066812311621,2867.6348579053724,300.0257669077092,3052.346733748574,4392.338180927021,555.6320719827746,4625.413546060195
278,1551.2410215135021,222.9533794365679,1572.0882557854802,2926.3552157383456,231.9115367471674,3051.9063321653734,4477.596237251848,454.8649161837353,4623.994587950853
279,1549.4420368504332,225.87662139530406,1571.1096992593393,2925.314014753192,232.47791572322703,3051.4659305821733,4474.756051603626,458.3545371185311,4622.575629841513
280,1565.423855782463,202.1622556528748,1570.1311427331984,2979.0997656777304,227.9395023485825,3051.0255289989727,4544.523621460194,430.10175800145726,4621.156671732171
281,1558.73796823841,202.05582957072224,1569.1525862070575,2973.954663984036,222.9560410075,3050.5851274157726,4532.692632222446,425.0118705782222,4619.73771362283
282,1592.6985658218007,243.9602389614206,1568.1740296809166,3034.2017401160283,326.77195732266773,3050.144725832572,4626.900305937829,570.7321962840883,4618.318755513488
283,1603.938501766703,260.3726824570359,1567.195473154776,3061.3985051523237,364.9146851255191,3049.704324249372,4665.337006919027,625.287367582555,4616.899797404148
284,1632.104773265564,286.4549735176899,1566.216916628635,3113.8770065452063,384.02636483992205,3049.2639226661713,4745.981779810771,670.481338357612,4615.480839294806
285,1638.4709171466839,293.0091863179829,1565.2383601024942,3131.4774557305122,391.19507761714976,3048.823521082971,4769.948372877196,684.2042639351326,4614.061881185465
286,1634.0209556935654,294.03889023533685,1564.2598035763533,3130.979669640647,391.741770085062,3048.3831194997706,4765.000625334213,685.7806603203989,4612.642923076124
287,1645.246638626844,291.08788177744844,1563.2812470502124,3152.6732109612944,373.3869421161281,3047.9427179165705,4797.919849588138,664.4748238935765,4611.223964966783
288,1658.082383925908,289.41230885569036,1562.3026905240715,3183.619766385665,355.1426296181977,3047.50231633337,4841.702150311573,644.5549384738881,4609.805006857441
289,1678.8940922504073,285.91569507925925,1561.3241339979306,3228.7753608696626,338.02688810314817,3047.0619147501698,4907.66945312007,623.9425831824074,4608.3860487481
290,1704.9494082256294,273.5452010327272,1560.34557747179,3286.874454965895,343.4100946976029,3046.621513166969,4991.823863191525,616.9552957303301,4606.967090638759
291,1731.5310461183842,233.2799327345229,1559.367020945649,3382.6570195682702,352.5514467789183,3046.181111583769,5114.188065686654,585.8313795134412,4605.548132529418
292,1773.5989071527063,201.46299864347995,1558.3884644195082,3482.602603772981,456.89668067269747,3045.7407100005685,5256.201510925687,658.3596793161774,4604.129174420076
293,1776.025689431357,198.6112232995123,1557.4099078933673,3517.8100253683065,447.1654450987005,3045.3003084173683,5293.835714799663,645.7766683982128,4602.710216310736
294,1804.2016277079817,252.74568295683974,1556.4313513672264,3598.1844651585147,568.0494958098144,3044.8599068341678,5402.386092866496,820.7951787666541,4601.291258201394
295,1830.9300530980665,289.86466337491913,1555.4527948410855,3676.9193444085463,637.39848538159,3044.4195052509676,5507.849397506613,927.2631487565092,4599.872300092053
296,1902.0505687957223,411.6165878059444,1554.4742383149446,3830.7506011985283,790.0082890507595,3043.979103667767,5732.801169994251,1201.6248768567038,4598.453341982711
297,1989.5177741793084,515.5397525869125,1553.4956817888037,4000.9815550828393,889.6682192228543,3043.538702084567,5990.4993292621475,1405.2079718097668,4597.034383873371
298,2087.893137230882,533.0225185831044,1552.5171252626628,4182.993646856043,825.6627186833962,3043.0983005013663,6270.886784086924,1358.6852372665007,4595.615425764029
299,2153.771129511151,521.0875512930746,1551.538568736522,4309.803334217772,738.5558216762713,3042.657898918166,6463.574463728923,1259.6433729693458,4594.196467654688
300,2204.6089998723423,502.8793610359703,1550.560012210381,4419.909910465299,648.8553240915011,3042.2174973349656,6624.5189103376415,1151.7346851274715,4592.777509545346
301,2238.746201354676,484.07523661047077,,4506.491659363671,563.445116009699,,6745.237860718347,1047.5203526201697,
302,2236.9941737344175,486.0002891046955,,4530.251692969697,531.4216995825253,,6767.245866704114,1017.4219886872208,
303,2232.164845250328,493.58934746382795,,4513.278517984735,552.7424236407646,,6745.443363235063,1046.3317711045925,
304,2189.9361349330766,544.352397602681,,4430.306446088453,625.259262270859,,6620.24258102153,1169.61165987354,
305,2164.18954580309,579.9499972197113,,4375.981494131847,717.6981800001145,,6540.171039934938,1297.6481772198258,
306,2065.453150802334,631.222697170446,,4192.782460095925,852.970942482477,,6258.2356108982585,1484.1936396529231,
307,,,,,,,,,
308,,,,,,,,,
309,,,,,,,,,
310,,,,,,,,,
311,,,,,,,,,
