 Year,   FWC1,  FWC2    
2003.75,17.3300,18.0575
2003.83,17.6200,18.5575
2003.92,18.8800,19.4825
2004.00,19.9000,20.8400
2004.08,20.2900,21.1350
2004.17,21.4300,22.1850
2004.25,19.8700,20.1925
2004.33,19.3200,20.0125
2004.42,18.6600,19.4950
2004.50,19.8000,20.9850
2004.58,18.3500,19.1200
2004.67,17.5500,18.0350
2004.75,17.7700,17.9550
2004.83,18.5800,19.5225
2004.92,19.6100,20.4200
2005.00,20.3400,21.2825
2005.08,20.6600,21.1375
2005.17,21.4000,22.0650
2005.25,21.2600,22.0075
2005.33,19.9300,20.6800
2005.42,19.1200,20.2850
2005.50,19.8500,21.1575
2005.58,19.2500,20.6175
2005.67,19.2100,20.3000
2005.75,18.8400,19.8750
2005.83,19.4900,20.5475
2005.92,20.2100,20.6825
2006.00,21.0300,21.5300
2006.08,21.3800,22.2050
2006.17,20.8400,21.5575
2006.25,20.8300,22.1125
2006.33,19.7600,21.0725
2006.42,17.7900,19.2525
2006.50,19.2700,20.8275
2006.58,18.7100,19.9400
2006.67,17.7800,18.9125
2006.75,20.0400,21.3800
2006.83,21.0700,22.7750
2006.92,21.3000,22.8975
2007.00,22.6900,24.3025
2007.08,23.5400,25.2575
2007.17,23.0600,24.9325
2007.25,23.4400,25.2400
2007.33,21.9100,23.8025
2007.42,21.0200,22.8425
2007.50,22.1700,24.2925
2007.58,20.4400,22.0075
2007.67,22.4000,24.1300
2007.75,22.2400,24.4375
2007.83,22.8900,26.0700
2007.92,24.1900,27.6875
2008.00,25.3200,28.6550
2008.08,26.7300,29.5475
2008.17,26.6400,28.9125
2008.25,26.5300,28.7725
2008.33,25.0000,27.4225
2008.42,23.5200,25.7600
2008.50,24.0100,26.2525
2008.58,22.1100,23.8350
2008.67,21.6000,23.0325
2008.75,22.1400,23.6950
2008.83,23.0400,24.5275
2008.92,23.6400,25.2650
2009.00,23.6100,25.2950
2009.08,24.4800,25.7775
2009.17,25.0000,26.4550
2009.25,24.4900,25.9525
2009.33,23.6400,25.1875
2009.42,21.7500,23.1775
2009.50,22.0300,23.6575
2009.58,21.3300,23.1375
2009.67,20.7000,22.1650
2009.75,19.4200,21.0600
2009.83,22.2800,24.1400
2009.92,24.0000,25.6500
2010.00,24.5600,25.8700
2010.08,25.8100,27.1700
2010.17,26.0300,27.6850
2010.25,25.1800,26.7050
2010.33,23.8500,25.5650
2010.42,22.8700,25.0250
2010.50,23.6300,26.0625
2010.58,22.6200,24.3150
2010.67,23.0900,25.0075
2010.75,23.5100,25.3825
2010.83,24.0300,25.8200
2010.92,24.2000,26.0575
2011.00,24.8800,26.7075
2011.08,26.0800,28.1725
2011.17,25.5700,27.2575
2011.25,25.8900,27.7750
2011.33,24.4600,26.1975
2011.42,22.9200,24.6975
2011.50,23.3800,25.5675
2011.58,21.9100,23.8600
2011.67,22.5500,24.4125
2011.75,22.7900,24.3850
2011.83,23.4400,25.8050
2011.92,24.2400,26.2025
2012.00,24.8800,26.1475
2012.08,25.4400,26.7475
2012.17,26.0600,27.3525
2012.25,25.4800,26.9075
2012.33,23.5500,25.2150
2012.42,22.5700,24.2850
2012.50,23.8800,25.7125
2012.58,22.8300,24.4300
2012.67,22.4600,23.9375
2012.75,23.2600,24.4400
2012.83,22.6200,23.9200
2012.92,22.7800,24.0375
2013.00,23.4400,24.7225
2013.08,23.6800,25.0125
2013.17,24.0000,25.1900
2013.25,23.4700,25.2125
2013.33,22.1000,23.6725
2013.42,20.7900,22.2675
2013.50,21.7100,23.3125
2013.58,22.2100,24.1250
2013.67,22.6500,24.2625
2013.75,22.6800,24.5600
2013.83,23.5900,25.6425
2013.92,23.5900,25.3225
2014.00,23.6900,25.3600
2014.08,24.1700,25.9025
2014.17,24.3500,26.1350
2014.25,23.9100,25.7400
2014.33,23.0800,24.9850
2014.42,21.6600,23.6125
2014.50,22.5400,24.4100
2014.58,22.7900,24.7225
2014.67,22.8100,24.8150
2014.75,23.1200,25.2400
2014.83,23.4800,25.6100
2014.92,23.4100,25.3700